user_name,language,game_id,game_name,start_time(UTC Time),view_count
TSM_Daequan,en,33214,Fortnite,2018-12-11 00:47:06,26048
shroud,en,504199,Battlefield V,2018-12-10 20:24:31,20232
TSM_Myth,en,33214,Fortnite,2018-12-10 22:31:26,19005
pokimane,en,506384,Just Cause 4,2018-12-10 22:38:29,17712
loltyler1,en,21779,League of Legends,2018-12-10 20:35:45,17559
alanzoka,pt,504461,Super Smash Bros. Ultimate,2018-12-10 22:45:47,17099
summit1g,en,490377,Sea of Thieves,2018-12-10 21:05:07,15912
TimTheTatman,en,509658,Just Chatting,2018-12-11 01:00:23,15437
xQcOW,en,490292,Dark Souls III,2018-12-10 19:35:50,15096
ZeRo,en,504461,Super Smash Bros. Ultimate,2018-12-10 19:44:05,13010
DisguisedToast,en,138585,Hearthstone,2018-12-10 22:01:06,12117
AdmiralBahroo,en,504461,Super Smash Bros. Ultimate,2018-12-10 16:00:39,10453
NeoNess007,en,66170,Warframe,2018-12-10 19:47:47,10021
LOLITOFDEZ,es,33214,Fortnite,2018-12-10 22:26:29,9044
ybicanoooobov,ru,29595,Dota 2,2018-12-10 19:29:24,8361
Chap,en,33214,Fortnite,2018-12-10 19:03:50,8251
Mathil1,en,29307,Path of Exile,2018-12-10 19:11:34,8028
NICKMERCS,en,506384,Just Cause 4,2018-12-10 23:34:27,7416
Zzk7,es,509658,Just Chatting,2018-12-10 23:58:53,7243
livekiss,zh,26936,Music & Performing Arts,2018-12-09 14:59:01,7231
Yogscast,en,23453,Fallout: New Vegas,2018-12-11 00:10:31,7128
fl0m,en,32399,Counter-Strike: Global Offensive,2018-12-10 23:02:41,6879
gaules,pt,32399,Counter-Strike: Global Offensive,2018-12-10 23:46:48,6573
LFFN,en,504461,Super Smash Bros. Ultimate,2018-12-10 16:52:02,6000
Raroki,de,33214,Fortnite,2018-12-10 15:36:40,5841
Tfue,en,33214,Fortnite,2018-12-11 01:27:27,5806
Northernlion,en,500196,Hand Simulator,2018-12-10 23:00:21,5300
Mickalow,fr,504461,Super Smash Bros. Ultimate,2018-12-10 23:49:12,5151
Aphromoo,en,21779,League of Legends,2018-12-10 20:54:02,5014
imaqtpie,en,504462,Call of Duty: Black Ops 4,2018-12-10 15:11:11,4864
B0aty,en,459931,Old School RuneScape,2018-12-11 00:45:02,4825
NateHill,en,33214,Fortnite,2018-12-10 19:32:47,4741
SkipNhO,pt,493057,PLAYERUNKNOWN'S BATTLEGROUNDS,2018-12-10 18:00:37,4714
DansGaming,en,29307,Path of Exile,2018-12-10 16:29:02,4672
NairoMK,en,504461,Super Smash Bros. Ultimate,2018-12-10 22:22:31,4642
TheHydrogen,pt,21779,League of Legends,2018-12-10 23:42:08,4292
PokerStars,en,488190,Poker,2018-12-10 12:46:03,4197
Jerma985,en,10902,Katamari Damacy,2018-12-11 00:04:22,4195
Leko,pt,21779,League of Legends,2018-12-10 19:29:55,3916
Giantwaffle,en,510104,Ride 3,2018-12-10 16:29:39,3671
Macie_Jay,en,460630,Tom Clancy's Rainbow Six: Siege,2018-12-10 21:32:10,3530
RaizQT,en,29307,Path of Exile,2018-12-10 19:10:22,3495
illidanstr,ru,29595,Dota 2,2018-12-10 18:28:51,3463
chocoTaco,en,493057,PLAYERUNKNOWN'S BATTLEGROUNDS,2018-12-11 01:03:54,3447
eBaumsWorld,en,509511,Marbles On Stream,2018-12-11 00:53:32,3371
Laink,fr,506237,"Pokemon: Let's Go, Pikachu!/Eevee!",2018-12-10 21:26:21,3361
Day9tv,en,2748,Magic: The Gathering,2018-12-10 23:50:48,3200
TeePee,en,504462,Call of Duty: Black Ops 4,2018-12-11 00:29:52,3179
Solary,fr,21779,League of Legends,2018-12-10 16:51:27,3115
TrumpSC,en,138585,Hearthstone,2018-12-10 22:33:20,3081
LLStylez,en,21779,League of Legends,2018-12-10 18:29:10,2981
GEICOGaming,en,138585,Hearthstone,2018-12-10 23:58:22,2925
Syndicate,en,504462,Call of Duty: Black Ops 4,2018-12-10 19:10:06,2854
Jaidefinichon,es,506246,Fallout 76,2018-12-10 23:36:38,2850
Trick2g,en,21779,League of Legends,2018-12-10 23:14:26,2839
Starladder_CS_en,en,32399,Counter-Strike: Global Offensive,2018-12-10 22:47:47,2764
pokelawls,en,509658,Just Chatting,2018-12-10 18:32:11,2701
ZalaeHS,en,138585,Hearthstone,2018-12-11 01:18:46,2697
KabajiOW,en,488552,Overwatch,2018-12-10 22:02:15,2606
thedarkness,pt,460630,Tom Clancy's Rainbow Six: Siege,2018-12-10 21:36:34,2583
gratis150ml,pt,21779,League of Legends,2018-12-11 00:03:06,2575
Savjz,en,2748,Magic: The Gathering,2018-12-10 18:27:24,2511
FENGRUSH,en,509658,Just Chatting,2018-12-10 23:14:48,2478
superxinvader,en,66170,Warframe,2018-12-10 17:39:13,2362
AsmodaiTV,en,138585,Hearthstone,2018-12-11 00:09:34,2359
Runescapes_OSRS,en,459931,Old School RuneScape,2018-12-11 01:20:03,2326
JERICHO,en,504461,Super Smash Bros. Ultimate,2018-12-10 23:34:21,2296
PurgeGamers,en,29595,Dota 2,2018-12-10 23:23:02,2278
The_Happy_Hob,en,489170,Dark Souls II: Scholar of the First Sin,2018-12-10 21:04:04,2232
Wavy,en,504461,Super Smash Bros. Ultimate,2018-12-11 00:45:49,2183
Lifeofrio,en,504461,Super Smash Bros. Ultimate,2018-12-10 23:56:03,2183
BURGAOfps,pt,506103,FIFA 19,2018-12-10 22:18:32,2124
CCnCDotA2,en,29595,Dota 2,2018-12-11 00:29:36,2076
Cizzorz,en,504462,Call of Duty: Black Ops 4,2018-12-10 22:38:40,2064
RealKraftyy,en,33214,Fortnite,2018-12-10 20:43:10,2028
Teawrex,en,497057,Destiny 2,2018-12-10 21:32:34,2025
SquishyMuffinz,en,30921,Rocket League,2018-12-10 22:27:24,2004
iLLeYY,en,504462,Call of Duty: Black Ops 4,2018-12-10 23:21:37,2003
Nick28T,en,33214,Fortnite,2018-12-10 17:49:30,1996
Lethalfrag,en,33882,FTL: Faster Than Light,2018-12-10 23:31:30,1980
Aa9skillz,en,506103,FIFA 19,2018-12-11 01:04:53,1950
Starladder5,ru,32399,Counter-Strike: Global Offensive,2018-12-10 22:40:49,1930
Strippin,en,504461,Super Smash Bros. Ultimate,2018-12-10 22:59:16,1927
mcilreavey,en,29307,Path of Exile,2018-12-10 22:15:34,1905
CasinoDaddy,en,509576,Casino,2018-12-10 18:56:03,1899
Cryaotic,en,493959,Red Dead Redemption 2,2018-12-10 23:56:13,1887
Gamepedia,en,29307,Path of Exile,2018-12-10 23:57:58,1876
hearthstoneNESS,pt,138585,Hearthstone,2018-12-10 22:57:20,1876
가브리엘,ko,490100,Lost Ark Online,2018-12-10 23:11:34,1829
xChocoBars,en,21779,League of Legends,2018-12-10 23:03:50,1787
InexpensiveGamer,en,66170,Warframe,2018-12-10 16:11:28,1756
uNKOE,fr,488552,Overwatch,2018-12-10 22:22:32,1748
DolphinChemist,en,496902,Slay the Spire,2018-12-11 00:00:14,1726
La94Sport,es,4926,Fútbol,2018-12-11 00:16:04,1723
JoshOG,en,493959,Red Dead Redemption 2,2018-12-11 00:04:13,1723
Crayator,en,509658,Just Chatting,2018-12-10 23:50:23,1710
samiyam,en,18122,World of Warcraft,2018-12-10 19:47:09,1666
mrslotohuntenrg,ru,509576,Casino,2018-12-10 21:06:34,1661
mrslotohuntenrg,ru,509576,Casino,2018-12-10 21:06:34,1676
ludojopu_streamhu,ru,509576,Casino,2018-12-10 22:45:51,1673
samiyam,en,18122,World of Warcraft,2018-12-10 19:47:09,1656
PAGO3,pl,32399,Counter-Strike: Global Offensive,2018-12-10 18:55:46,1636
BananaSlamJamma,en,29595,Dota 2,2018-12-11 00:27:29,1623
OfficialDelux,it,33214,Fortnite,2018-12-10 22:51:13,1620
MasterSnakou,fr,491487,Dead by Daylight,2018-12-10 20:40:09,1615
dasMEHDI,en,71375,Star Citizen,2018-12-10 21:06:30,1613
OverwatchContenders,en,488552,Overwatch,2018-12-11 00:43:28,1597
IWIooxSoIo,en,459931,Old School RuneScape,2018-12-11 01:22:49,1577
GubbaTV,en,33214,Fortnite,2018-12-10 17:47:38,1555
개복어,ko,509658,Just Chatting,2018-12-11 01:06:25,1541
RyuQuezacotl,en,14304,Diablo II: Lord of Destruction,2018-12-10 21:54:26,1541
Criken,en,504461,Super Smash Bros. Ultimate,2018-12-10 23:56:12,1522
Nepenthez,en,33214,Fortnite,2018-12-10 20:57:03,1522
1Adrianaries1,en,21779,League of Legends,2018-12-10 20:35:03,1508
Agraelus,cs,21779,League of Legends,2018-12-10 19:53:34,1479
Gabi,pt,509658,Just Chatting,2018-12-10 19:59:49,1469
Shiphtur,en,504462,Call of Duty: Black Ops 4,2018-12-10 23:44:40,1466
imls,en,21779,League of Legends,2018-12-10 21:57:18,1466
서긔,ko,138585,Hearthstone,2018-12-10 23:03:21,1451
iddqd,en,488552,Overwatch,2018-12-10 20:08:55,1443
AKAWonder,es,138585,Hearthstone,2018-12-10 21:13:29,1414
runitup247,en,488190,Poker,2018-12-10 09:54:39,1414
PintiPanda,tr,493057,PLAYERUNKNOWN'S BATTLEGROUNDS,2018-12-10 21:06:47,1413
KittyPlays,en,33214,Fortnite,2018-12-10 19:30:33,1388
Ezekiel_III,en,504260,Mutant Year Zero: Road to Eden,2018-12-10 20:02:49,1354
MagiFelix,en,21779,League of Legends,2018-12-10 21:41:20,1352
FantaBobShow,fr,496881,Darksiders III,2018-12-10 18:34:19,1352
Etoiles,fr,504461,Super Smash Bros. Ultimate,2018-12-10 15:41:49,1351
개복어,ko,509658,Just Chatting,2018-12-11 01:06:25,1340
mandiocaa1,pt,21779,League of Legends,2018-12-11 01:13:37,1327
ookina,pt,21779,League of Legends,2018-12-10 22:08:43,1324
t0ckad61,ru,509576,Casino,2018-12-10 19:35:53,1323
TehJamJar,en,32982,Grand Theft Auto V,2018-12-11 00:05:58,1319
glupiaszmatakoposova,pl,509658,Just Chatting,2018-12-11 01:31:34,1298
MrBboy45,fr,510185,LoupsGarous.fr,2018-12-10 23:07:11,1283
TheRealKnossi,de,509576,Casino,2018-12-10 22:48:36,1281
KingNappy,en,509658,Just Chatting,2018-12-11 00:51:22,1277
KingNappy,en,509658,Just Chatting,2018-12-11 00:51:22,1277
seucreysonreborn,pt,29595,Dota 2,2018-12-10 22:05:43,1249
西門夜說,zh,21779,League of Legends,2018-12-11 00:34:06,1247
XodaLive,es,491487,Dead by Daylight,2018-12-11 00:55:13,1244
Hungrybox,en,504461,Super Smash Bros. Ultimate,2018-12-11 00:01:55,1244
UberHaxorNova,en,509658,Just Chatting,2018-12-11 01:27:10,1242
MoMaN,fr,417892,H1Z1,2018-12-10 19:02:16,1230
Draskyl,en,29595,Dota 2,2018-12-10 22:20:19,1207
FallOficial,pt,33214,Fortnite,2018-12-10 22:03:56,1202
SennadoBone,pt,506103,FIFA 19,2018-12-11 00:12:35,1198
EsfandTV,en,18122,World of Warcraft,2018-12-11 00:08:01,1189
Timmac,en,71375,Star Citizen,2018-12-10 16:10:05,1185
PrincessMiaOsman,en,504462,Call of Duty: Black Ops 4,2018-12-10 19:15:09,1180
Allad,ru,138585,Hearthstone,2018-12-10 20:45:21,1169
VivaLaFazza,it,509658,Just Chatting,2018-12-10 20:01:34,1159
CobaltStreak,en,491080,The Binding of Isaac: Afterbirth,2018-12-10 23:56:43,1156
limit_maximum,en,18122,World of Warcraft,2018-12-10 23:26:27,1142
just9n,en,493057,PLAYERUNKNOWN'S BATTLEGROUNDS,2018-12-11 00:14:09,1138
BackgroundGuy02,en,19023,Final Fantasy IV,2018-12-10 21:51:16,1112
IWIooxSoIo,en,459931,Old School RuneScape,2018-12-11 01:22:49,1103
xTheSolutionTV,de,33214,Fortnite,2018-12-10 19:34:06,1084
iateyourpie,en,11557,The Legend of Zelda: Ocarina of Time,2018-12-11 00:51:03,1077
havoc616,en,29307,Path of Exile,2018-12-10 18:03:19,1076
vituss_britvaa,ru,509576,Casino,2018-12-10 20:26:17,1067
Puppers,en,491487,Dead by Daylight,2018-12-10 21:19:25,1063
ClassyPax,en,71375,Star Citizen,2018-12-10 21:33:19,1061
slotoplayerk,en,509576,Casino,2018-12-10 18:01:04,1054
Ludojop_Staem,ru,509576,Casino,2018-12-09 18:49:33,1052
TSM_TheOddOne,en,509016,Beholder 2,2018-12-10 22:54:23,1047
Sceptic,en,33214,Fortnite,2018-12-10 20:51:23,1037
themattayahu,pt,509658,Just Chatting,2018-12-10 22:09:19,1028
Spikevegeta,en,11557,The Legend of Zelda: Ocarina of Time,2018-12-11 00:49:04,1027
GronKy,en,33214,Fortnite,2018-12-10 22:13:39,1023
allkeyshop_tv,en,509658,Just Chatting,2018-12-10 11:40:48,1014
BtHMaNiaC,en,509658,Just Chatting,2018-12-11 01:06:32,1011
jdotb,en,18122,World of Warcraft,2018-12-10 22:39:10,997
kyo1984123,zh,138585,Hearthstone,2018-12-11 01:13:31,982
vsnz,en,493057,PLAYERUNKNOWN'S BATTLEGROUNDS,2018-12-11 00:30:08,982
Stodeh,en,504199,Battlefield V,2018-12-10 16:09:45,967
x5_PiG,en,490422,StarCraft II,2018-12-10 19:57:04,963
BoiSelvagem,pt,489635,ARK,2018-12-10 22:56:56,961
hJune,en,263490,Rust,2018-12-10 19:14:17,956
IWIooxSoIo,en,459931,Old School RuneScape,2018-12-11 01:22:49,954
Stodeh,en,504199,Battlefield V,2018-12-10 16:09:45,948
qSnake,ru,29595,Dota 2,2018-12-10 22:03:21,943
PandarEUW,de,21779,League of Legends,2018-12-10 23:03:16,941
armatvhs,fr,138585,Hearthstone,2018-12-11 00:13:28,939
Kronovi,en,30921,Rocket League,2018-12-10 21:42:38,937
Shortyyguy,en,504461,Super Smash Bros. Ultimate,2018-12-10 20:15:40,906
NoSympathyy,en,66170,Warframe,2018-12-10 16:01:05,904
FutEconomist,en,506103,FIFA 19,2018-12-10 23:54:08,898
space,en,488552,Overwatch,2018-12-10 23:16:41,886
VivaLaFazza,it,21779,League of Legends,2018-12-10 20:01:34,878
juansguarnizo,es,509658,Just Chatting,2018-12-11 01:12:32,877
puniogaming,pl,19619,Tibia,2018-12-10 17:31:36,873
Anthony_Kongphan,en,493057,PLAYERUNKNOWN'S BATTLEGROUNDS,2018-12-10 23:35:50,866
adreN_tv,en,32399,Counter-Strike: Global Offensive,2018-12-10 22:54:54,862
TheBubbaArmy,en,509658,Just Chatting,2018-12-10 22:53:18,859
usedpizza,en,11557,The Legend of Zelda: Ocarina of Time,2018-12-11 00:55:25,852
Weak3n,en,32507,Smite,2018-12-11 00:14:48,848
FRAN,en,488552,Overwatch,2018-12-10 23:07:35,829
brianlimond,en,29433,Dark Souls,2018-12-10 22:52:24,828
Klean,en,23609,S.T.A.L.K.E.R.: Call of Pripyat,2018-12-10 17:36:16,820
GordoTony,en,26936,Music & Performing Arts,2018-12-11 01:06:07,810
wintergaming,en,490422,StarCraft II,2018-12-11 00:38:46,806
Alfie,en,459931,Old School RuneScape,2018-12-10 23:22:44,803
ivan,en,11557,The Legend of Zelda: Ocarina of Time,2018-12-10 21:30:22,802
Andy,en,9435,The Legend of Zelda: A Link to the Past,2018-12-10 20:59:36,800
Mejash,en,32502,World of Warships,2018-12-10 23:19:02,789
StreamerHouse,en,506246,Fallout 76,2018-12-10 05:28:02,785
Worrun_TV,en,491931,Escape From Tarkov,2018-12-10 23:21:07,781
Smashley,en,66170,Warframe,2018-12-10 20:34:26,768
FoxyPlayTV,ru,29595,Dota 2,2018-12-11 01:08:33,756
Kamikatze,de,504689,Farming Simulator 19,2018-12-10 17:43:36,753
boxbox,en,21779,League of Legends,2018-12-11 01:23:46,750
hazed,en,32399,Counter-Strike: Global Offensive,2018-12-10 23:04:10,750
KneeColeslaw,en,509658,Just Chatting,2018-12-10 19:47:30,746
chu8,en,32959,Heroes of the Storm,2018-12-10 23:00:50,738
oMeiaUm,pt,509658,Just Chatting,2018-12-10 20:59:46,733
CoconutB,en,263490,Rust,2018-12-10 22:02:20,728
Zydar,fr,506237,"Pokemon: Let's Go, Pikachu!/Eevee!",2018-12-10 21:46:00,711
Reyhan,tr,21779,League of Legends,2018-12-10 22:48:39,710
Bajheera,en,18122,World of Warcraft,2018-12-10 23:16:57,707
KISSRADIO_FM997,zh,26936,Music & Performing Arts,2018-12-10 12:38:21,701
Odablock,en,459931,Old School RuneScape,2018-12-10 23:58:46,697
Waggle,en,29307,Path of Exile,2018-12-10 18:38:13,697
Hutch,en,504462,Call of Duty: Black Ops 4,2018-12-11 00:52:04,694
Mattypocket,en,32507,Smite,2018-12-10 20:45:10,687
GoodGuyGarry,en,21779,League of Legends,2018-12-10 22:08:57,685
KingGeorgeTV,en,460630,Tom Clancy's Rainbow Six: Siege,2018-12-11 01:31:15,683
StrifeCro,en,16937,Artifact,2018-12-11 00:59:43,680
Jenna,en,504462,Call of Duty: Black Ops 4,2018-12-10 23:09:35,679
BeyondTheSummit,en,29595,Dota 2,2018-12-09 13:10:06,672
kaceytron,en,21779,League of Legends,2018-12-10 22:17:43,665
GameMixTreize,fr,32982,Grand Theft Auto V,2018-12-10 20:04:18,665
Bloodyfaster,en,506237,"Pokemon: Let's Go, Pikachu!/Eevee!",2018-12-10 20:48:06,663
SplattercatGaming,en,510344,Kingdom Two Crowns,2018-12-10 22:58:50,661
Alliestrasza,en,16937,Artifact,2018-12-10 18:17:46,658
RenanSparrow,pt,494508,Yu-Gi-Oh! Duel Links,2018-12-10 23:07:50,651
AngelsKimi,en,21779,League of Legends,2018-12-10 19:59:51,649
Vinc3ntvega,en,491487,Dead by Daylight,2018-12-10 23:00:52,638
Fitzyhere,en,488552,Overwatch,2018-12-11 01:01:48,623
n0thing,en,493057,PLAYERUNKNOWN'S BATTLEGROUNDS,2018-12-10 19:17:06,623
AvaGG,en,33214,Fortnite,2018-12-11 00:01:54,620
Lurn,en,493057,PLAYERUNKNOWN'S BATTLEGROUNDS,2018-12-11 00:03:21,618
Cahlaflour,en,505380,Spyro Reignited Trilogy,2018-12-10 19:00:56,615
강소연,ko,509658,Just Chatting,2018-12-11 00:47:32,614
Sonecarox,pt,138585,Hearthstone,2018-12-10 21:09:14,613
Macho,en,66170,Warframe,2018-12-10 17:21:13,603
케인,ko,509658,Just Chatting,2018-12-11 00:39:00,597
LoadingReadyRun,en,509664,Tabletop RPGs,2018-12-11 01:11:19,593
ToddStevensMTG,en,2748,Magic: The Gathering,2018-12-10 18:53:23,593
ChewieMelodies,en,26936,Music & Performing Arts,2018-12-10 22:49:47,589
Alyek,en,66170,Warframe,2018-12-10 20:03:39,589
Brozime,en,66170,Warframe,2018-12-10 19:59:38,589
EJ_SA,en,32742,Kerbal Space Program,2018-12-10 21:20:42,587
ZeroxMercy,en,504462,Call of Duty: Black Ops 4,2018-12-10 22:20:36,584
Mr_Mammal,en,459931,Old School RuneScape,2018-12-10 21:37:31,579
FingerTV,pt,32982,Grand Theft Auto V,2018-12-10 23:21:57,575
象先輩,ja,21779,League of Legends,2018-12-10 23:14:49,572
Etup,en,29307,Path of Exile,2018-12-10 15:26:40,582
Mr_Mammal,en,459931,Old School RuneScape,2018-12-10 21:37:31,581
ZeroxMercy,en,504462,Call of Duty: Black Ops 4,2018-12-10 22:20:36,575
FingerTV,pt,32982,Grand Theft Auto V,2018-12-10 23:21:57,570
BarbarousKing,en,504461,Super Smash Bros. Ultimate,2018-12-10 23:51:20,567
스피드소닉,ko,490100,Lost Ark Online,2018-12-10 13:12:01,567
SkillSpecs,en,459931,Old School RuneScape,2018-12-11 00:32:00,562
XenosysVex,en,24241,FINAL FANTASY XIV Online,2018-12-10 21:29:11,555
Maynah,pt,21779,League of Legends,2018-12-10 22:40:18,554
Seals311,pt,509802,Football Manager 2019,2018-12-10 18:03:47,545
iklooode25,ar,33214,Fortnite,2018-12-10 23:08:01,544
RushIntenso,pt,493057,PLAYERUNKNOWN'S BATTLEGROUNDS,2018-12-10 18:50:12,536
Bnans,en,460630,Tom Clancy's Rainbow Six: Siege,2018-12-11 00:31:45,531
Lanipator,en,509577,Dungeons & Dragons,2018-12-10 22:48:23,530
Ali_Mathlouthi,fr,506103,FIFA 19,2018-12-10 21:02:02,529
Bawkbasoup,en,5126,Resident Evil 3: Nemesis,2018-12-10 22:34:37,527
ShackyHD,en,263490,Rust,2018-12-10 22:40:59,526
mchfps,pt,32399,Counter-Strike: Global Offensive,2018-12-11 00:55:31,524
TreAndJ,en,504462,Call of Duty: Black Ops 4,2018-12-10 21:30:08,524
shakibdh,en,18122,World of Warcraft,2018-12-10 22:07:23,523
Avilo,en,490422,StarCraft II,2018-12-10 20:55:47,523
clg_biofrost,en,21779,League of Legends,2018-12-11 00:19:13,521
schabybaby,en,66170,Warframe,2018-12-10 19:53:44,521
Lacari,en,490100,Lost Ark Online,2018-12-11 00:02:18,518
PsiSyn,en,31750,Arma 3,2018-12-10 22:55:04,517
Monagua,pt,489111,Summoners War: Sky Arena,2018-12-10 23:11:01,510
VorticoseLine75,en,66170,Warframe,2018-12-10 23:41:57,508
노돌리,ko,490100,Lost Ark Online,2018-12-11 00:19:20,505
Skadoodle,en,504199,Battlefield V,2018-12-10 21:11:16,502
woops,en,504461,Super Smash Bros. Ultimate,2018-12-10 22:51:04,497
BeasttrollMC,en,21465,osu!,2018-12-10 20:08:59,499
nakkiel_pnw,en,497385,Dragon Ball FighterZ,2018-12-10 22:37:10,492
bagelmon,en,489111,Summoners War: Sky Arena,2018-12-10 23:02:54,489
Marshall,tr,21779,League of Legends,2018-12-10 22:16:43,486
Lythero,en,504461,Super Smash Bros. Ultimate,2018-12-10 21:56:56,486
ChaseShaco,en,21779,League of Legends,2018-12-11 00:50:23,484
Warangelus,es,21779,League of Legends,2018-12-10 23:42:25,484
SoyPan,es,33214,Fortnite,2018-12-11 00:19:57,481
pescocofino,pt,509511,Marbles On Stream,2018-12-10 19:00:32,481
woops,en,504461,Super Smash Bros. Ultimate,2018-12-10 22:51:04,479
Scarra,en,21779,League of Legends,2018-12-11 01:30:33,478
GameJ06,en,2692,Super Mario 64,2018-12-10 16:11:07,475
bancodobrasil,pt,33214,Fortnite,2018-12-11 01:03:40,464
AssistMeDoom,en,504461,Super Smash Bros. Ultimate,2018-12-10 23:05:10,464
ESL_CSGO,en,32399,Counter-Strike: Global Offensive,2018-12-10 17:22:21,461
RiffTrax,en,499973,Always On,2018-12-10 08:00:43,460
TheNo1Alex,en,506237,"Pokemon: Let's Go, Pikachu!/Eevee!",2018-12-11 01:02:09,456
Herdyn,cs,21779,League of Legends,2018-12-10 20:36:07,454
p0me,es,493057,PLAYERUNKNOWN'S BATTLEGROUNDS,2018-12-10 22:08:24,452
이선생84,ko,29307,Path of Exile,2018-12-10 21:39:15,450
a_couple_streams,en,26936,Music & Performing Arts,2018-12-11 00:11:50,449
femman3,en,509576,Casino,2018-12-10 18:50:59,440
Aznah,pl,31336,Metin 2,2018-12-11 00:54:14,438
FearsomeFire,en,504461,Super Smash Bros. Ultimate,2018-12-10 23:09:47,436
bigandshiny,en,386821,Black Desert Online,2018-12-10 18:48:13,430
tripleWRECK,en,497057,Destiny 2,2018-12-11 01:10:36,429
LagonisGames,pt,460630,Tom Clancy's Rainbow Six: Siege,2018-12-10 23:28:19,428
Katth,es,509658,Just Chatting,2018-12-11 01:20:18,427
Halifax,en,493057,PLAYERUNKNOWN'S BATTLEGROUNDS,2018-12-11 01:14:36,425
FearsomeFire,en,504461,Super Smash Bros. Ultimate,2018-12-10 23:09:47,428
BierbankB,de,493057,PLAYERUNKNOWN'S BATTLEGROUNDS,2018-12-10 19:57:39,428
realBamBam,en,488552,Overwatch,2018-12-11 00:36:56,427
bigandshiny,en,386821,Black Desert Online,2018-12-10 18:48:13,425
tripleWRECK,en,497057,Destiny 2,2018-12-11 01:10:36,422
たぬき忍者,ja,21779,League of Legends,2018-12-11 00:47:51,421
DutchsinseOfficial,en,509670,Science & Technology,2018-12-10 06:20:21,420
suursuzlar,tr,509658,Just Chatting,2018-12-10 20:33:36,416
disnof,en,34025,Kenshi,2018-12-10 18:36:44,413
p0me,es,493057,PLAYERUNKNOWN'S BATTLEGROUNDS,2018-12-10 22:08:24,412
IslandGrown11,en,488552,Overwatch,2018-12-10 20:15:22,412
BazzaGazza,en,505371,Marvel's Spider-Man,2018-12-10 23:02:42,411
Neuro,en,490422,StarCraft II,2018-12-10 20:55:22,409
Halifax,en,493057,PLAYERUNKNOWN'S BATTLEGROUNDS,2018-12-11 01:14:36,408
Kiwo,en,510344,Kingdom Two Crowns,2018-12-10 19:43:49,406
Paulopsk1,pt,460630,Tom Clancy's Rainbow Six: Siege,2018-12-10 23:12:06,403
Mitchflowerpower,en,9455,Super Mario Bros. 3,2018-12-11 00:55:06,402
CmdKrieger,de,506103,FIFA 19,2018-12-10 17:08:09,401
DooleyNotedGaming,en,505380,Spyro Reignited Trilogy,2018-12-11 00:59:25,394
MikePanoots,en,504461,Super Smash Bros. Ultimate,2018-12-10 23:50:40,393
Venalis,en,32982,Grand Theft Auto V,2018-12-10 19:56:16,392
Acai,en,3682,Guitar Hero III: Legends of Rock,2018-12-10 22:56:03,391
AliEldrazi,en,2748,Magic: The Gathering,2018-12-10 22:03:09,391
snutzy,en,18122,World of Warcraft,2018-12-11 00:19:52,389
tjacks_,en,506383,NBA 2K19,2018-12-10 23:22:34,389
drdooozy,en,33214,Fortnite,2018-12-11 00:45:53,385
dusterinho,pt,29595,Dota 2,2018-12-10 20:15:18,385
mblaoc,en,13389,Age of Empires II,2018-12-10 17:22:15,381
cavalry,en,488552,Overwatch,2018-12-10 15:45:23,380
snutzy,en,18122,World of Warcraft,2018-12-11 00:19:52,381
AnthonyCaliber,en,33180,The Last of Us,2018-12-10 20:34:08,377
cavalry,en,488552,Overwatch,2018-12-10 15:45:23,377
LorDBabYHuLk,en,506383,NBA 2K19,2018-12-11 01:20:55,376
Thabeast721,en,490608,Super Mario Maker,2018-12-10 23:23:21,375
bchillz,en,263490,Rust,2018-12-10 19:31:02,375
CryptoTradersTV,en,499634,Crypto,2018-12-09 08:09:06,374
MrQuarate,fr,504461,Super Smash Bros. Ultimate,2018-12-10 21:52:34,373
RankOneSlay,en,459931,Old School RuneScape,2018-12-10 19:12:07,372
Acai,en,3682,Guitar Hero III: Legends of Rock,2018-12-10 22:56:03,371
오린이야,ko,491487,Dead by Daylight,2018-12-10 15:08:51,370
l2cosmos7,en,8901,Lineage II,2018-12-10 22:52:53,369
MrQuarate,fr,504461,Super Smash Bros. Ultimate,2018-12-10 21:52:34,369
GrinningGoat,en,138585,Hearthstone,2018-12-10 23:51:24,368
Pieface23,en,506103,FIFA 19,2018-12-10 22:17:42,365
Bricky,en,504461,Super Smash Bros. Ultimate,2018-12-10 22:04:23,364
theRyu7z,fr,506103,FIFA 19,2018-12-10 22:10:09,362
DottzGaming,en,65654,The Elder Scrolls Online,2018-12-10 23:57:41,360
gsxrclyde,en,497057,Destiny 2,2018-12-10 21:41:17,360
kingtekadoto,es,29595,Dota 2,2018-12-10 22:52:04,358
nyannersz,en,10902,Katamari Damacy,2018-12-10 23:12:00,357
FightinCowboy,en,510590,Hades,2018-12-11 00:03:03,354
CasalSkillsTV,pt,19619,Tibia,2018-12-10 22:12:06,354
Jumpyluff,en,505380,Spyro Reignited Trilogy,2018-12-10 23:56:22,353
dreads,en,138585,Hearthstone,2018-12-10 23:24:49,353
SlethZockt,de,504260,Mutant Year Zero: Road to Eden,2018-12-10 20:56:13,352
Dekar173,en,21779,League of Legends,2018-12-10 23:14:05,351
gsmVoiD,en,504461,Super Smash Bros. Ultimate,2018-12-10 12:27:49,351
jfavignano,en,32982,Grand Theft Auto V,2018-12-11 00:19:39,350
AnnieFuchsia,en,460636,Bloodborne,2018-12-10 18:50:19,350
SlethZockt,de,504260,Mutant Year Zero: Road to Eden,2018-12-10 20:56:13,349
courtiebee,en,488190,Poker,2018-12-10 20:11:35,349
AlfredoPlays,en,460630,Tom Clancy's Rainbow Six: Siege,2018-12-10 23:55:24,348
MatteoHS,it,21779,League of Legends,2018-12-10 19:35:57,348
頭哥,zh,21779,League of Legends,2018-12-11 00:07:42,346
CeeCee_Lia,en,138585,Hearthstone,2018-12-10 23:00:51,345
danneddow,en,488552,Overwatch,2018-12-10 19:11:36,345
jfavignano,en,32982,Grand Theft Auto V,2018-12-11 00:19:39,343
SaltyBet,en,271231,M.U.G.E.N,2018-12-09 18:44:30,343
Quirkitized,en,19554,iRacing.com,2018-12-10 23:51:28,342
Quirkitized,en,19554,iRacing.com,2018-12-10 23:51:28,342
Popeye_TM,fr,33214,Fortnite,2018-12-10 19:54:39,342
Cellium,en,504462,Call of Duty: Black Ops 4,2018-12-11 00:18:18,341
FunkBomb,en,33214,Fortnite,2018-12-10 20:26:52,338
LorDBabYHuLk,en,506383,NBA 2K19,2018-12-11 01:20:55,334
Jumpyluff,en,505380,Spyro Reignited Trilogy,2018-12-10 23:56:22,333
Rexzilla,en,71375,Star Citizen,2018-12-10 23:47:41,332
Smokaloke,en,504461,Super Smash Bros. Ultimate,2018-12-10 20:09:54,328
Akariss,en,504461,Super Smash Bros. Ultimate,2018-12-10 23:59:10,327
rullymnhpubg,en,505884,PUBG MOBILE,2018-12-10 22:57:02,327
Winghaven,es,493057,PLAYERUNKNOWN'S BATTLEGROUNDS,2018-12-10 22:33:47,327
HashtagTitio,pt,19619,Tibia,2018-12-11 00:47:26,325
Yanni_,en,33214,Fortnite,2018-12-11 00:46:56,325
GspotDOTA,ru,138585,Hearthstone,2018-12-10 21:04:09,325
Monstercat,en,26936,Music & Performing Arts,2018-12-10 23:02:31,323
Mountain_Man,en,27546,World of Tanks,2018-12-10 21:04:04,323
DanieltheDemon,en,66170,Warframe,2018-12-10 23:09:54,321
muyskerm,en,493057,PLAYERUNKNOWN'S BATTLEGROUNDS,2018-12-11 00:04:56,320
artemiuss152,ru,29595,Dota 2,2018-12-10 13:48:26,319
mewnfare,en,29307,Path of Exile,2018-12-10 23:26:49,314
AngryTestie,en,24664,Heroes of Newerth,2018-12-10 16:38:42,314
Goddess,en,460630,Tom Clancy's Rainbow Six: Siege,2018-12-10 23:49:17,312
OgamingSC2,fr,490422,StarCraft II,2018-12-10 23:14:02,311
BeagsAndJam,en,490177,Blood Bowl 2,2018-12-11 00:16:21,308
호수님,ko,488552,Overwatch,2018-12-10 23:58:22,308
桃花谷園繪七里香,zh,29307,Path of Exile,2018-12-10 15:52:44,308
龜狗,zh,21779,League of Legends,2018-12-11 01:43:51,307
Octavian0,en,29307,Path of Exile,2018-12-10 19:20:49,307
FoldableHuman,en,34201,PlayStation All-Stars Battle Royale,2018-12-11 01:08:58,304
FoldableHuman,en,34201,PlayStation All-Stars Battle Royale,2018-12-11 01:08:58,304
OhItsMulligan,en,491403,Eternal,2018-12-10 17:31:37,303
NaviOOT,en,138585,Hearthstone,2018-12-11 00:44:04,302
新電玩快打官方直播台,zh,417752,Talk Shows & Podcasts,2018-12-10 13:23:55,301
RocketBeansTV,de,417752,Talk Shows & Podcasts,2018-12-10 05:45:38,301
Rexzilla,en,71375,Star Citizen,2018-12-10 23:47:41,299
Necr1te,de,490377,Sea of Thieves,2018-12-10 18:14:10,299
lelisdota,pt,29595,Dota 2,2018-12-10 20:28:53,297
Framed,en,459931,Old School RuneScape,2018-12-10 19:02:44,297
Larsfest,en,29307,Path of Exile,2018-12-10 19:00:27,297
DuncanKneeDeep,en,504461,Super Smash Bros. Ultimate,2018-12-10 20:59:11,293
OgamingLoL,fr,21779,League of Legends,2018-12-09 05:30:36,293
SINXPLAYSBR,pt,11103,Uno,2018-12-10 23:02:23,292
Spartiatix,pl,21779,League of Legends,2018-12-10 18:52:32,292
Jabroni_Mike,en,6715,Doom,2018-12-11 01:10:35,291
SomecallmeJohnny,en,80603,Shantae and the Pirate's Curse,2018-12-11 00:02:33,290
sasa,pt,490744,Stardew Valley,2018-12-10 22:59:32,290
DarkarCompany,es,509658,Just Chatting,2018-12-10 02:42:16,290
HIGHSTYLED,pl,4520,Ashen,2018-12-10 20:09:42,289
ncrx1337,de,493057,PLAYERUNKNOWN'S BATTLEGROUNDS,2018-12-10 18:34:49,289
BadBunny,en,509658,Just Chatting,2018-12-10 21:41:51,287
DuncanKneeDeep,en,504461,Super Smash Bros. Ultimate,2018-12-10 20:59:11,287
OgamingLoL,fr,21779,League of Legends,2018-12-09 05:30:36,287
Kobe0802,en,33214,Fortnite,2018-12-10 20:35:39,286
HCJustin,en,32982,Grand Theft Auto V,2018-12-10 18:02:56,285
SomecallmeJohnny,en,80603,Shantae and the Pirate's Curse,2018-12-11 00:02:33,284
sasa,pt,490744,Stardew Valley,2018-12-10 22:59:32,283
ShaunMcLaren,en,2748,Magic: The Gathering,2018-12-10 22:16:04,283
ChratosGameplay,pt,23166,Mount & Blade: Warband,2018-12-11 00:16:04,282
thebesttaco,en,32507,Smite,2018-12-10 20:30:58,282
Captain_Richard,en,6715,Doom,2018-12-11 01:06:30,281
kiwian,ko,490422,StarCraft II,2018-12-11 00:00:34,280
MahyarS,fr,509658,Just Chatting,2018-12-10 20:16:46,279
JohnPitterTV,pt,33214,Fortnite,2018-12-10 16:32:52,279
Omnikevfka,en,489635,ARK,2018-12-11 00:06:16,277
thedragonfeeney,en,504461,Super Smash Bros. Ultimate,2018-12-10 22:30:22,277
vector,es,13389,Age of Empires II,2018-12-10 20:41:02,275
LyndonFPS,en,509658,Just Chatting,2018-12-10 22:26:56,274
Swebliss,sv,506246,Fallout 76,2018-12-10 18:59:11,274
Empyriangaming,en,29307,Path of Exile,2018-12-10 21:58:51,273
Kaoiji,en,66170,Warframe,2018-12-10 23:05:43,272
SattelizerGames,en,491487,Dead by Daylight,2018-12-11 01:04:32,271
Lil_Lexi,en,493057,PLAYERUNKNOWN'S BATTLEGROUNDS,2018-12-11 01:07:19,270
Keizaron,en,506237,"Pokemon: Let's Go, Pikachu!/Eevee!",2018-12-10 23:58:50,270
sasa,pt,490744,Stardew Valley,2018-12-10 22:59:32,270
Food,en,509667,Food & Drink,2018-12-10 08:00:43,270
KryozGaming,en,510590,Hades,2018-12-11 00:14:02,269
DAMIL,de,18122,World of Warcraft,2018-12-10 23:58:39,269
Zombie_Barricades,en,32982,Grand Theft Auto V,2018-12-10 21:26:31,268
Diegosaurs,en,491487,Dead by Daylight,2018-12-10 19:47:47,268
Whiskey_Cat,en,66170,Warframe,2018-12-11 00:33:39,265
OceanMud,en,493217,Gwent: The Witcher Card Game,2018-12-10 21:49:57,265
kiwian,ko,490422,StarCraft II,2018-12-11 00:00:34,264
aftermarket220,en,6341,ESPN NFL Football,2018-12-11 01:31:26,263
Kemuda,ar,33214,Fortnite,2018-12-11 00:15:08,261
RockLeeSmile,en,500196,Hand Simulator,2018-12-10 22:58:32,261
Electrokidi,es,21779,League of Legends,2018-12-10 21:29:43,261
Parasite,en,504462,Call of Duty: Black Ops 4,2018-12-11 01:04:10,260
DAMIL,de,18122,World of Warcraft,2018-12-10 23:58:39,259
VioletStClaire,en,488552,Overwatch,2018-12-10 23:39:20,259
Kayuun,en,33214,Fortnite,2018-12-11 00:54:23,258
jamietopples,en,2748,Magic: The Gathering,2018-12-10 23:34:02,257
MahyarS,fr,509658,Just Chatting,2018-12-10 20:16:46,257
BroTeam,en,23166,Mount & Blade: Warband,2018-12-10 23:53:13,256
dekillsage,en,504461,Super Smash Bros. Ultimate,2018-12-10 20:32:09,255
SaltyTeemo,en,21779,League of Legends,2018-12-10 05:57:26,254
Swebliss,sv,506246,Fallout 76,2018-12-10 18:59:11,253
김루비,ko,18122,World of Warcraft,2018-12-10 22:47:51,252
custa,en,504461,Super Smash Bros. Ultimate,2018-12-10 20:54:28,252
Grimmmz,en,493057,PLAYERUNKNOWN'S BATTLEGROUNDS,2018-12-11 01:41:25,250
pijack11,pt,21779,League of Legends,2018-12-11 00:34:34,250
Drekwiz,en,499003,VRChat,2018-12-10 22:00:35,250
RelaxBeats,en,26936,Music & Performing Arts,2018-12-09 21:55:22,250
MahyarS,fr,509658,Just Chatting,2018-12-10 20:16:46,249
alphalady_,en,33214,Fortnite,2018-12-11 00:28:29,248
Mango7Roll,en,510056,Epic Seven,2018-12-10 22:05:54,247
Speedrun,en,7595,Super Metroid,2018-12-10 20:11:26,247
GangstaCrizzab,en,497571,Wrestling,2018-12-11 00:59:40,246
Timado,en,29595,Dota 2,2018-12-11 00:41:46,247
Kemuda,ar,33214,Fortnite,2018-12-11 00:15:08,247
케로,ko,138585,Hearthstone,2018-12-11 00:07:50,247
Drekwiz,en,499003,VRChat,2018-12-10 22:00:35,247
dekillsage,en,504461,Super Smash Bros. Ultimate,2018-12-10 20:32:09,246
denissniderTV,pt,21779,League of Legends,2018-12-10 23:23:04,245
Canko,tr,29595,Dota 2,2018-12-10 19:28:00,244
다데123,ko,21779,League of Legends,2018-12-10 21:34:48,243
YourPrincess,en,21779,League of Legends,2018-12-11 00:54:23,242
SGK7gaming,en,506383,NBA 2K19,2018-12-11 01:12:49,241
hivenst,en,29307,Path of Exile,2018-12-11 01:04:41,241
Duxativa,es,506274,Assassin's Creed Odyssey,2018-12-10 21:31:22,241
aka_justjai,en,33214,Fortnite,2018-12-11 00:32:02,240
Weesterner,en,509658,Just Chatting,2018-12-11 00:01:12,240
Kittey,de,509658,Just Chatting,2018-12-10 20:00:52,240
StumptGamers,en,13332,Pokémon FireRed/LeafGreen,2018-12-10 23:57:59,239
Trikslyr,en,504461,Super Smash Bros. Ultimate,2018-12-10 23:47:16,239
VioletStClaire,en,488552,Overwatch,2018-12-10 23:39:20,239
Samsora,en,504461,Super Smash Bros. Ultimate,2018-12-10 22:35:00,239
ncrx1337,de,493057,PLAYERUNKNOWN'S BATTLEGROUNDS,2018-12-10 18:34:49,239
Samsora,en,504461,Super Smash Bros. Ultimate,2018-12-10 22:35:00,239
KODIAK_official,hu,493057,PLAYERUNKNOWN'S BATTLEGROUNDS,2018-12-10 17:26:48,239
GP_TV,en,509658,Just Chatting,2018-12-11 00:59:34,238
Wlfy7,en,32507,Smite,2018-12-10 22:25:21,238
MegTurney,en,493057,PLAYERUNKNOWN'S BATTLEGROUNDS,2018-12-11 00:31:02,235
TCEC_Chess_TV,en,743,Chess,2018-12-11 01:00:11,234
RealMenaceTV,en,461067,Tekken 7,2018-12-10 20:28:51,234
danehearth,en,138585,Hearthstone,2018-12-11 00:44:59,233
TheGodlyNoob,en,460630,Tom Clancy's Rainbow Six: Siege,2018-12-11 01:01:35,232
Fandy,en,504461,Super Smash Bros. Ultimate,2018-12-10 22:10:48,231
Artosis,en,11989,StarCraft,2018-12-11 01:23:33,230
KingVenomStream,pt,11544,Grand Chase,2018-12-10 17:21:13,230
czesio_invi,pl,32399,Counter-Strike: Global Offensive,2018-12-10 15:13:34,230
danehearth,en,138585,Hearthstone,2018-12-11 00:44:59,229
Kayuun,en,33214,Fortnite,2018-12-11 00:54:23,228
Fandy,en,504461,Super Smash Bros. Ultimate,2018-12-10 22:10:48,228
snessh,ru,29595,Dota 2,2018-12-10 21:13:19,228
xcudi,en,504462,Call of Duty: Black Ops 4,2018-12-10 15:43:13,228
Rockzillah,en,489635,ARK,2018-12-10 22:59:28,225
김루비,ko,18122,World of Warcraft,2018-12-10 22:47:51,225
Rockzillah,en,489635,ARK,2018-12-10 22:59:28,225
김루비,ko,18122,World of Warcraft,2018-12-10 22:47:51,225
ArlieShaban,en,488190,Poker,2018-12-10 21:15:09,225
Hogmanlolz,en,33214,Fortnite,2018-12-10 20:26:00,225
김총무님,ko,493057,PLAYERUNKNOWN'S BATTLEGROUNDS,2018-12-11 00:37:53,222
Lake,en,459931,Old School RuneScape,2018-12-10 21:06:40,222
ZkMushroom,fr,497057,Destiny 2,2018-12-10 19:32:14,222
GP_TV,en,509658,Just Chatting,2018-12-11 00:59:34,221
Threedogg,en,504461,Super Smash Bros. Ultimate,2018-12-11 00:48:44,221
Estailus,es,33214,Fortnite,2018-12-11 00:41:02,221
MegTurney,en,493057,PLAYERUNKNOWN'S BATTLEGROUNDS,2018-12-11 00:31:02,221
LackAttack24,en,10979,The Legend of Zelda,2018-12-10 23:17:38,221
SnailArg,es,138585,Hearthstone,2018-12-10 23:01:06,221
vNess7,de,504462,Call of Duty: Black Ops 4,2018-12-10 21:34:50,221
aka_justjai,en,33214,Fortnite,2018-12-11 00:32:02,219
SeriousGaming,en,33214,Fortnite,2018-12-10 19:03:10,219
danii,en,33214,Fortnite,2018-12-10 23:56:50,218
Lawlman,en,504461,Super Smash Bros. Ultimate,2018-12-10 23:50:12,218
TheGawd,en,504461,Super Smash Bros. Ultimate,2018-12-10 22:26:20,218
RealMenaceTV,en,461067,Tekken 7,2018-12-10 20:28:51,218
NoobNationTV,ru,29307,Path of Exile,2018-12-10 21:40:23,217
novaruu,en,509658,Just Chatting,2018-12-10 22:32:43,216
dicejens,en,509576,Casino,2018-12-10 07:27:45,215
Hogmanlolz,en,33214,Fortnite,2018-12-10 20:26:00,214
ZkMushroom,fr,497057,Destiny 2,2018-12-10 19:32:14,214
Stivitybobo,en,2634,Banjo-Tooie,2018-12-10 23:39:01,213
Vangoro,en,19619,Tibia,2018-12-10 23:57:39,211
FemSteph,en,33214,Fortnite,2018-12-10 23:44:25,211
Braincage,en,504689,Farming Simulator 19,2018-12-10 18:02:56,211
artemiuss152,ru,29595,Dota 2,2018-12-10 13:48:26,211
최락조,ko,138585,Hearthstone,2018-12-10 20:18:00,209
Retalha,pt,460630,Tom Clancy's Rainbow Six: Siege,2018-12-11 00:00:38,208
LazyR1co,en,504461,Super Smash Bros. Ultimate,2018-12-10 23:44:14,208
Dizeliun,en,33214,Fortnite,2018-12-10 23:43:31,208
j__dub,en,65654,The Elder Scrolls Online,2018-12-10 22:02:35,208
NECOtho,fr,509660,Art,2018-12-10 21:41:36,207
Scott_Falco,en,504461,Super Smash Bros. Ultimate,2018-12-11 01:13:01,206
Foxtrot44,en,459064,Cuphead,2018-12-10 23:59:51,206
FemSteph,en,33214,Fortnite,2018-12-10 23:44:25,206
TheChief1114,en,32982,Grand Theft Auto V,2018-12-11 01:06:02,205
Bladecito,es,509658,Just Chatting,2018-12-10 22:44:23,205
thaiga,pt,21779,League of Legends,2018-12-10 22:15:15,205
KittyRawr,en,504461,Super Smash Bros. Ultimate,2018-12-10 20:24:57,204
muteb__1980,ar,33214,Fortnite,2018-12-10 16:13:12,204
khoa,en,33214,Fortnite,2018-12-11 00:23:22,203
Foxtrot44,en,459064,Cuphead,2018-12-10 23:59:51,202
LoLGeranimo,en,21779,League of Legends,2018-12-10 20:03:34,202
れをる,zh,491487,Dead by Daylight,2018-12-11 00:14:13,200
PVPx,en,488552,Overwatch,2018-12-10 23:41:01,200
Flyrie,pt,491487,Dead by Daylight,2018-12-10 19:15:09,200
PVPx,en,488552,Overwatch,2018-12-10 23:41:01,200
Flyrie,pt,491487,Dead by Daylight,2018-12-10 19:15:09,200
MegTurney,en,493057,PLAYERUNKNOWN'S BATTLEGROUNDS,2018-12-11 00:31:02,199
Tayandenga,pl,32982,Grand Theft Auto V,2018-12-10 12:48:51,199
Barny,en,504461,Super Smash Bros. Ultimate,2018-12-10 23:35:21,198
aceonlol,pt,21779,League of Legends,2018-12-10 23:28:42,198
NECOtho,fr,509660,Art,2018-12-10 21:41:36,198
CasinoChat,de,509576,Casino,2018-12-10 16:41:05,197
MaritimeTR,tr,29595,Dota 2,2018-12-10 22:18:43,195
serejaperviy,ru,29595,Dota 2,2018-12-10 16:27:30,195
muteb__1980,ar,33214,Fortnite,2018-12-10 16:13:12,197
MaritimeTR,tr,29595,Dota 2,2018-12-10 22:18:43,196
Mylixia,en,29307,Path of Exile,2018-12-10 21:06:12,195
PizzaHS,en,138585,Hearthstone,2018-12-10 23:02:13,194
Hazard,en,32982,Grand Theft Auto V,2018-12-10 21:21:03,192
waveafterwave2ndlife,ru,29595,Dota 2,2018-12-10 20:28:11,192
bobqinxd,en,21779,League of Legends,2018-12-10 17:02:33,192
MadeYewLook,en,504461,Super Smash Bros. Ultimate,2018-12-11 01:39:42,191
RegisKillbin,en,138585,Hearthstone,2018-12-11 01:02:07,191
DisbeArex,en,458443,Alien: Isolation,2018-12-11 00:00:28,191
WTFGameNation,en,497057,Destiny 2,2018-12-10 21:25:43,193
SeewiGG,es,21779,League of Legends,2018-12-11 01:35:27,192
Castaliuh,en,509658,Just Chatting,2018-12-10 22:49:35,192
CupAhNoodle,en,23549,Kindergarten,2018-12-10 20:21:28,192
LacedUpLauren,en,497057,Destiny 2,2018-12-11 01:13:58,191
PizzaHS,en,138585,Hearthstone,2018-12-10 23:02:13,191
Flip_Switch,en,369252,The Sims 4,2018-12-10 21:03:00,191
Hazard,en,32982,Grand Theft Auto V,2018-12-10 21:21:03,190
DotACapitalist,en,29595,Dota 2,2018-12-10 20:51:00,190
Pause,en,509658,Just Chatting,2018-12-10 20:00:16,190
DotACapitalist,en,29595,Dota 2,2018-12-10 20:51:00,190
Pause,en,509658,Just Chatting,2018-12-10 20:00:16,190
bobqinxd,en,21779,League of Legends,2018-12-10 17:02:33,190
MrConRem,en,33214,Fortnite,2018-12-10 23:59:30,189
topgames_tw,it,506103,FIFA 19,2018-12-10 21:11:06,189
muteb__1980,ar,33214,Fortnite,2018-12-10 16:13:12,189
Sjeletyven1,en,18122,World of Warcraft,2018-12-10 12:38:48,189
Pestily,en,491931,Escape From Tarkov,2018-12-11 01:27:49,188
DuckyTheGamer,en,33214,Fortnite,2018-12-11 00:31:57,188
iluvatar_402,en,271304,7 Days to Die,2018-12-10 22:47:49,188
Fruitbats,en,490744,Stardew Valley,2018-12-10 20:38:22,188
ESL_SC2,en,490422,StarCraft II,2018-12-09 11:14:19,188
EdEMonster,en,6369,God of War,2018-12-10 23:43:55,187
sailorsalty,en,509658,Just Chatting,2018-12-10 20:23:08,187
TwitchPresents,en,499973,Always On,2018-12-10 18:00:06,187
bobqinxd,en,21779,League of Legends,2018-12-10 17:02:33,187
Generikb,en,510344,Kingdom Two Crowns,2018-12-10 22:56:35,186
sertaczayimoglu,tr,509658,Just Chatting,2018-12-10 20:39:32,186
Holtzmann,en,497057,Destiny 2,2018-12-10 22:54:53,185
AnthonyZ,en,32982,Grand Theft Auto V,2018-12-10 22:30:50,185
WarframeMadeEazy,en,66170,Warframe,2018-12-10 18:33:09,186
inoper2,en,509576,Casino,2018-12-10 01:32:47,186
swimsuitsuccubus,en,509658,Just Chatting,2018-12-11 01:13:00,185
EdEMonster,en,6369,God of War,2018-12-10 23:43:55,185
TwitchPresents,en,499973,Always On,2018-12-10 18:00:06,184
pinpingho,zh,16937,Artifact,2018-12-10 23:51:41,183
TwitchPlaysPokemon,en,491180,Twitch Plays,2018-12-10 20:47:43,183
Fruitbats,en,490744,Stardew Valley,2018-12-10 20:38:22,183
sertaczayimoglu,tr,509658,Just Chatting,2018-12-10 20:39:32,182
sailorsalty,en,509658,Just Chatting,2018-12-10 20:23:08,182
Ssaab,en,32982,Grand Theft Auto V,2018-12-10 21:27:41,181
xcaliz0rz,en,504461,Super Smash Bros. Ultimate,2018-12-11 01:37:29,180
GoldDustTori,en,743,Chess,2018-12-11 00:28:34,180
HyperRPG,en,504461,Super Smash Bros. Ultimate,2018-12-10 23:59:50,180
EdEMonster,en,6369,God of War,2018-12-10 23:43:55,180
MANTARRRAYA,es,21779,League of Legends,2018-12-10 23:47:08,179
Generikb,en,510344,Kingdom Two Crowns,2018-12-10 22:56:35,179
Holtzmann,en,497057,Destiny 2,2018-12-10 22:54:53,179
JonahVeil,en,491403,Eternal,2018-12-10 21:50:28,179
BROBQ,en,493959,Red Dead Redemption 2,2018-12-10 17:48:38,179
MrKeroro10,es,33214,Fortnite,2018-12-10 17:43:49,179
Castaliuh,en,509658,Just Chatting,2018-12-10 22:49:35,178
ArtheonTV,fr,29307,Path of Exile,2018-12-11 00:50:34,176
Wanderbot,en,510344,Kingdom Two Crowns,2018-12-10 23:59:46,175
topgames_tw,it,506103,FIFA 19,2018-12-10 21:11:06,175
PyrooTv,fr,263490,Rust,2018-12-10 15:00:09,174
HeroesOfFitness,en,32959,Heroes of the Storm,2018-12-11 00:49:27,173
NicroVeda,en,493997,Super Mario Odyssey,2018-12-11 00:22:20,173
Webhallen,sv,417752,Talk Shows & Podcasts,2018-12-10 22:32:12,173
Wanderbot,en,510344,Kingdom Two Crowns,2018-12-10 23:59:46,174
Webhallen,sv,417752,Talk Shows & Podcasts,2018-12-10 22:32:12,173
Mirliva,tr,504126,Farm Together,2018-12-10 22:18:39,173
미르다요,ko,493057,PLAYERUNKNOWN'S BATTLEGROUNDS,2018-12-11 00:05:17,172
Bagel411,en,27284,Retro,2018-12-10 22:53:34,172
VKingPlays,it,510590,Hades,2018-12-10 20:47:10,172
SpaceLyon,en,33214,Fortnite,2018-12-10 18:25:56,172
Tnatym,ru,16937,Artifact,2018-12-10 16:22:45,172
PyrooTv,fr,263490,Rust,2018-12-10 15:00:09,172
swimsuitsuccubus,en,509658,Just Chatting,2018-12-11 01:13:00,171
swimsuitsuccubus,en,509658,Just Chatting,2018-12-11 01:13:00,171
sertaczayimoglu,tr,509658,Just Chatting,2018-12-10 20:39:32,171
HeroesOfFitness,en,32959,Heroes of the Storm,2018-12-11 00:49:27,170
Theuberelite,en,29307,Path of Exile,2018-12-10 14:34:46,168
SpeedGaming,en,7595,Super Metroid,2018-12-11 01:43:37,167
ArtheonTV,fr,29307,Path of Exile,2018-12-11 00:50:34,167
trellsky,en,18122,World of Warcraft,2018-12-10 23:53:23,167
Sokul,pl,21779,League of Legends,2018-12-10 23:00:15,167
SportsFury,en,509671,Sports & Fitness,2018-12-11 01:00:21,166
AnthonyZ,en,32982,Grand Theft Auto V,2018-12-10 22:30:50,166
ESL_Ptiwiki,fr,509576,Casino,2018-12-10 20:55:19,166
LykosQuinn,de,21779,League of Legends,2018-12-10 18:08:49,166
Chessgenie,de,27546,World of Tanks,2018-12-11 00:17:11,165
MerVingTV,ru,509658,Just Chatting,2018-12-10 23:04:51,165
Evz1,ru,32399,Counter-Strike: Global Offensive,2018-12-10 20:59:32,165
Akaruu,fr,504462,Call of Duty: Black Ops 4,2018-12-10 17:47:27,165
NicroVeda,en,493997,Super Mario Odyssey,2018-12-11 00:22:20,164
Zwag,en,21779,League of Legends,2018-12-10 17:16:20,164
이찌노,ko,386821,Black Desert Online,2018-12-10 13:28:25,164
NOBLETOFU,en,504461,Super Smash Bros. Ultimate,2018-12-10 21:56:10,160
JChannel,th,417752,Talk Shows & Podcasts,2018-12-10 13:08:18,160
Chessgenie,de,27546,World of Tanks,2018-12-11 00:17:11,159
Nimious,en,492354,Fire Emblem Mobile,2018-12-10 22:35:17,159
Nerd_Logic,en,498668,Warhammer: Vermintide 2,2018-12-10 21:55:20,159
제이킴,ko,461067,Tekken 7,2018-12-11 01:01:02,158
MerVingTV,ru,509658,Just Chatting,2018-12-10 23:04:51,158
miss_angeliquew,en,509658,Just Chatting,2018-12-11 00:18:06,157
cynicalex,en,489543,Marvel Future Fight,2018-12-10 23:59:59,157
Caneville352,en,506383,NBA 2K19,2018-12-10 22:35:41,157
keepwatukill,en,491403,Eternal,2018-12-10 21:26:31,156
Zfreek,en,29595,Dota 2,2018-12-10 20:47:37,156
m60_,en,417752,Talk Shows & Podcasts,2018-12-11 00:13:08,155
Mako,en,33214,Fortnite,2018-12-10 22:52:46,155
LittleRagerGirl,es,21779,League of Legends,2018-12-10 22:47:16,155
Shantao,de,2748,Magic: The Gathering,2018-12-10 18:52:45,155
CowboyFN,en,33214,Fortnite,2018-12-10 17:17:40,155
siemprefutbolhd,es,4926,Fútbol,2018-12-10 21:49:25,154
erenozler,tr,4235,Microsoft Flight Simulator X,2018-12-10 21:45:03,154
iSkys,en,504461,Super Smash Bros. Ultimate,2018-12-10 21:26:35,154
MissKyliee,en,24241,FINAL FANTASY XIV Online,2018-12-10 19:01:08,154
OverBoredGaming,en,23017,Dead Space 2,2018-12-10 18:02:28,154
zEtheone,pt,493057,PLAYERUNKNOWN'S BATTLEGROUNDS,2018-12-10 22:27:15,153
Fayenix,en,497467,Monster Hunter World,2018-12-10 21:26:39,153
DarkViperAU,en,32982,Grand Theft Auto V,2018-12-10 19:04:53,153
Vash12349,en,504461,Super Smash Bros. Ultimate,2018-12-10 23:25:14,152
erenozler,tr,4235,Microsoft Flight Simulator X,2018-12-10 21:45:03,152
iHosty,en,32959,Heroes of the Storm,2018-12-10 20:42:10,152
Zwag,en,21779,League of Legends,2018-12-10 17:16:20,152
Vash12349,en,504461,Super Smash Bros. Ultimate,2018-12-10 23:25:14,152
gabssf,pt,32399,Counter-Strike: Global Offensive,2018-12-10 23:07:01,152
SHARKK_TOOTH,en,504461,Super Smash Bros. Ultimate,2018-12-11 01:12:03,151
Heelmike,en,33214,Fortnite,2018-12-10 20:01:50,151
DarkViperAU,en,32982,Grand Theft Auto V,2018-12-10 19:04:53,151
OverBoredGaming,en,23017,Dead Space 2,2018-12-10 18:02:28,151
Bluejay,en,369252,The Sims 4,2018-12-11 00:35:38,150
iHosty,en,32959,Heroes of the Storm,2018-12-10 20:42:10,150
RADPUPPY,en,21779,League of Legends,2018-12-10 09:35:29,150
FortniteLlamaHunter,en,33214,Fortnite,2018-12-09 12:39:04,150
iHosty,en,32959,Heroes of the Storm,2018-12-10 20:42:10,150
Lassiz,en,491464,Lost Castle,2018-12-11 00:22:00,149
playonsunday,en,504461,Super Smash Bros. Ultimate,2018-12-10 22:39:32,149
Roidie,en,459931,Old School RuneScape,2018-12-10 22:27:44,149
AquaFPSgaming,en,263490,Rust,2018-12-10 22:04:41,149
LIMITL3SSx,en,33214,Fortnite,2018-12-10 21:50:09,149
Zfreek,en,29595,Dota 2,2018-12-10 20:47:37,149
videogamereality,en,26936,Music & Performing Arts,2018-12-10 16:50:25,149
FortniteLlamaHunter,en,33214,Fortnite,2018-12-09 12:39:04,149
MirandaKerry,tr,493057,PLAYERUNKNOWN'S BATTLEGROUNDS,2018-12-11 01:15:37,148
MirandaKerry,tr,493057,PLAYERUNKNOWN'S BATTLEGROUNDS,2018-12-11 01:15:37,148
ElChicoGamerX,es,21779,League of Legends,2018-12-10 23:30:59,148
erenozler,tr,4235,Microsoft Flight Simulator X,2018-12-10 21:45:03,148
quaubl,en,32982,Grand Theft Auto V,2018-12-10 13:42:30,148
henry,en,29595,Dota 2,2018-12-10 23:37:04,147
Vash12349,en,504461,Super Smash Bros. Ultimate,2018-12-10 23:25:14,147
Omni,en,65654,The Elder Scrolls Online,2018-12-10 23:00:39,147
RTO_LOL,en,21779,League of Legends,2018-12-10 18:10:39,147
przo,pt,21779,League of Legends,2018-12-10 23:26:05,146
Caneville352,en,506383,NBA 2K19,2018-12-10 22:35:41,146
FortniteLlamaHunter,en,33214,Fortnite,2018-12-09 12:39:04,147
MirandaKerry,tr,493057,PLAYERUNKNOWN'S BATTLEGROUNDS,2018-12-11 01:15:37,146
Vash12349,en,504461,Super Smash Bros. Ultimate,2018-12-10 23:25:14,146
RTO_LOL,en,21779,League of Legends,2018-12-10 18:10:39,146
Barbie_Bad_Buns,en,509658,Just Chatting,2018-12-11 01:09:24,145
vonlol_,pt,21779,League of Legends,2018-12-11 00:50:26,145
ElChicoGamerX,es,21779,League of Legends,2018-12-10 23:30:59,145
BitterBits,en,4520,Ashen,2018-12-11 01:15:49,144
Ragnarok_Fgc,en,460521,Mortal Kombat X,2018-12-11 01:02:39,144
LeXCS,en,496253,Quake Champions,2018-12-10 23:07:59,144
Dcarter,en,18122,World of Warcraft,2018-12-10 23:00:36,144
AL_boyo,en,491487,Dead by Daylight,2018-12-10 22:29:06,144
たかなお,ja,29307,Path of Exile,2018-12-10 22:21:16,144
Willywonka_HC,en,29307,Path of Exile,2018-12-10 19:36:19,144
michelzinn9,pt,19619,Tibia,2018-12-10 22:48:38,143
JogueComoUmOgro,pt,488552,Overwatch,2018-12-10 22:18:56,143
palli_palli,de,509511,Marbles On Stream,2018-12-11 01:52:32,142
cryptoquadrillionaire,en,509576,Casino,2018-12-10 21:41:18,142
오성갓,ko,493057,PLAYERUNKNOWN'S BATTLEGROUNDS,2018-12-10 19:22:45,142
Zatugod,es,29595,Dota 2,2018-12-10 19:21:27,142
CooLDeDe,tr,29056,Knight Online,2018-12-11 00:22:43,141
reyganso,es,66170,Warframe,2018-12-11 00:03:32,141
gabssf,pt,32399,Counter-Strike: Global Offensive,2018-12-10 23:07:01,141
playonsunday,en,504461,Super Smash Bros. Ultimate,2018-12-10 22:39:32,141
PureSpam,en,459931,Old School RuneScape,2018-12-10 22:31:27,141
steekzvh,ru,29595,Dota 2,2018-12-10 21:20:59,141
QueenMisrule,en,506246,Fallout 76,2018-12-10 21:18:43,141
Avori,en,493057,PLAYERUNKNOWN'S BATTLEGROUNDS,2018-12-10 23:31:14,140
렘쨩,ko,490100,Lost Ark Online,2018-12-11 01:21:06,139
TheMunchdown,en,496902,Slay the Spire,2018-12-11 01:21:04,139
lagamerteca,es,504461,Super Smash Bros. Ultimate,2018-12-11 00:15:58,139
RicketToo,en,18122,World of Warcraft,2018-12-11 00:13:44,139
Sp00nerism,en,495961,Dead Cells,2018-12-10 23:44:09,139
carlosxiri,es,491487,Dead by Daylight,2018-12-10 21:13:49,139
whissp_,en,29307,Path of Exile,2018-12-10 20:29:50,139
Jester1147,en,27471,Minecraft,2018-12-10 18:55:22,139
bananabrea,en,504461,Super Smash Bros. Ultimate,2018-12-11 00:59:22,138
미캐츠,ko,509658,Just Chatting,2018-12-11 00:50:13,138
quentinj26x,en,506383,NBA 2K19,2018-12-10 23:21:31,138
AimbotJosh,en,33214,Fortnite,2018-12-10 22:53:32,138
Akaadian,en,21779,League of Legends,2018-12-10 23:57:51,138
Jester1147,en,27471,Minecraft,2018-12-10 18:55:22,138
LeXCS,en,496253,Quake Champions,2018-12-10 23:07:59,137
Scrubing,en,504461,Super Smash Bros. Ultimate,2018-12-10 23:02:10,137
Khasino,en,504651,Marvel Strike Force,2018-12-10 20:55:17,137
FailArmy,en,499973,Always On,2018-12-10 08:00:43,137
렘쨩,ko,490100,Lost Ark Online,2018-12-11 01:21:06,136
bananabrea,en,504461,Super Smash Bros. Ultimate,2018-12-11 00:59:22,136
JogueComoUmOgro,pt,488552,Overwatch,2018-12-10 22:18:56,136
SuperMetroidlol,en,21779,League of Legends,2018-12-10 20:36:52,136
OnlyAfro,en,4520,Ashen,2018-12-11 01:33:47,135
deadlyoptics,en,499132,They Are Billions,2018-12-11 01:23:49,135
Sp00nerism,en,495961,Dead Cells,2018-12-10 23:44:09,135
quentinj26x,en,506383,NBA 2K19,2018-12-10 23:21:31,135
XuxaTV,pt,386821,Black Desert Online,2018-12-10 22:35:27,135
OldDirtyDaz,en,66170,Warframe,2018-12-10 15:06:29,135
KadBid,en,386821,Black Desert Online,2018-12-11 01:25:23,134
Ragnarok_Fgc,en,460521,Mortal Kombat X,2018-12-11 01:02:39,134
Bolshownaro,pt,32982,Grand Theft Auto V,2018-12-11 00:47:14,134
TacosDeArepa,es,460630,Tom Clancy's Rainbow Six: Siege,2018-12-10 22:21:30,134
TheAndySocialNetwork,en,27284,Retro,2018-12-10 22:05:48,134
SmittyW,es,493057,PLAYERUNKNOWN'S BATTLEGROUNDS,2018-12-10 22:03:26,134
kiyasarin,it,21779,League of Legends,2018-12-10 21:28:04,134
hharveys,ru,493057,PLAYERUNKNOWN'S BATTLEGROUNDS,2018-12-10 18:45:49,134
Cimp,en,91419,Metal Gear Solid V: The Phantom Pain,2018-12-10 18:11:12,134
PureChiLL,en,497057,Destiny 2,2018-12-10 17:13:50,134
홀스형,ko,417752,Talk Shows & Podcasts,2018-12-11 01:42:16,133
TheMunchdown,en,496902,Slay the Spire,2018-12-11 01:21:04,133
AnneDro,en,488552,Overwatch,2018-12-11 00:09:30,133
GGameface,en,33214,Fortnite,2018-12-10 17:48:43,134
FortniteLlamaHunter,en,33214,Fortnite,2018-12-09 12:39:04,134
LordBBH,en,27284,Retro,2018-12-11 01:51:37,133
AnneDro,en,488552,Overwatch,2018-12-11 00:09:30,133
Sp00nerism,en,495961,Dead Cells,2018-12-10 23:44:09,133
Kruzadar,en,24241,FINAL FANTASY XIV Online,2018-12-10 23:09:10,133
LIMITL3SSx,en,33214,Fortnite,2018-12-10 21:50:09,133
PureChiLL,en,497057,Destiny 2,2018-12-10 17:13:50,133
CanalTotorial,pt,504260,Mutant Year Zero: Road to Eden,2018-12-11 00:37:48,132
Hollywood,en,506383,NBA 2K19,2018-12-11 00:03:08,132
PIOSz,ru,29595,Dota 2,2018-12-10 23:41:08,132
JapanesePrintmaking,en,509673,Makers & Crafting,2018-12-10 23:00:01,132
sargentocharli,es,493057,PLAYERUNKNOWN'S BATTLEGROUNDS,2018-12-10 22:23:48,132
F1rstlady33,de,493057,PLAYERUNKNOWN'S BATTLEGROUNDS,2018-12-10 22:06:58,132
pepi1991,en,510056,Epic Seven,2018-12-10 18:30:59,132
Barbie_Bad_Buns,en,509658,Just Chatting,2018-12-11 01:09:24,131
Loyalty1331,en,504462,Call of Duty: Black Ops 4,2018-12-11 00:39:38,131
SAKURAsenpaiLIVE,en,509658,Just Chatting,2018-12-11 00:39:18,131
quentinj26x,en,506383,NBA 2K19,2018-12-10 23:21:31,131
CaptainAshBacon,en,490377,Sea of Thieves,2018-12-10 22:25:23,131
TheAndySocialNetwork,en,27284,Retro,2018-12-10 22:05:48,131
jaystreazy,en,509658,Just Chatting,2018-12-10 21:11:13,131
apophis01,tr,490100,Lost Ark Online,2018-12-10 20:31:50,131
김프링,ko,509660,Art,2018-12-10 18:01:52,131
OldDirtyDaz,en,66170,Warframe,2018-12-10 15:06:29,131
Asir_Khan,en,26936,Music & Performing Arts,2018-12-10 09:01:04,131
fuse_xtv,en,18122,World of Warcraft,2018-12-11 00:59:12,130
Jay_Bird,en,32982,Grand Theft Auto V,2018-12-11 00:55:53,130
JuggernautJason,en,490422,StarCraft II,2018-12-11 00:08:48,130
FuturemanGaming,en,504461,Super Smash Bros. Ultimate,2018-12-11 01:36:12,129
Kure_HOTS,en,32959,Heroes of the Storm,2018-12-11 01:06:50,129
RealShelfy,en,500008,MLB The Show 18,2018-12-10 23:58:45,129
PIOSz,ru,29595,Dota 2,2018-12-10 23:41:08,129
TacosDeArepa,es,460630,Tom Clancy's Rainbow Six: Siege,2018-12-10 22:21:30,129
Hugo_One,en,491307,Pocket Mortys,2018-12-10 21:31:09,129
FortniteLlamaHunter,en,33214,Fortnite,2018-12-09 12:39:04,129
Riley,en,488552,Overwatch,2018-12-11 01:40:54,128
王大叔,zh,11988,Final Fantasy VII,2018-12-11 01:16:46,128
quentinj26x,en,506383,NBA 2K19,2018-12-10 23:21:31,128
JapanesePrintmaking,en,509673,Makers & Crafting,2018-12-10 23:00:01,128
mukkayo,de,263490,Rust,2018-12-10 16:57:47,128
歪妃,zh,21779,League of Legends,2018-12-10 12:21:39,128
Barbie_Bad_Buns,en,509658,Just Chatting,2018-12-11 01:09:24,127
MarcusVeltri,en,26936,Music & Performing Arts,2018-12-10 23:09:52,127
wontonlife,en,33214,Fortnite,2018-12-10 23:07:37,127
ViirtualSenpai,en,32502,World of Warships,2018-12-10 22:58:13,127
SUKnives,en,506237,"Pokemon: Let's Go, Pikachu!/Eevee!",2018-12-10 22:57:02,127
歪妃,zh,21779,League of Legends,2018-12-10 12:21:39,127
CONtv,en,499973,Always On,2018-12-10 10:51:33,127
negaoryx,en,509658,Just Chatting,2018-12-11 01:27:58,126
Barbie_Bad_Buns,en,509658,Just Chatting,2018-12-11 01:09:24,126
ProTech,en,490422,StarCraft II,2018-12-11 00:34:57,126
zNosTV,en,33214,Fortnite,2018-12-11 00:21:53,126
AchilleFPS,fr,33214,Fortnite,2018-12-10 22:56:02,126
Slinned,en,27471,Minecraft,2018-12-10 22:49:28,126
Punzel,en,504462,Call of Duty: Black Ops 4,2018-12-10 21:50:00,126
Naro,en,504461,Super Smash Bros. Ultimate,2018-12-10 20:39:33,126
ToKy,en,498668,Warhammer: Vermintide 2,2018-12-10 22:28:19,126
JoshNoDrake,en,504954,Ring Of Elysium,2018-12-10 23:50:45,125
Soup,en,459931,Old School RuneScape,2018-12-10 23:22:16,125
Hugo_One,en,491307,Pocket Mortys,2018-12-10 21:31:09,125
bananabrea,en,504461,Super Smash Bros. Ultimate,2018-12-11 00:59:22,124
fatguyfuntime,en,493057,PLAYERUNKNOWN'S BATTLEGROUNDS,2018-12-11 00:33:00,124
jaystreazy,en,509658,Just Chatting,2018-12-10 21:11:13,124
Octopimp,en,509673,Makers & Crafting,2018-12-11 01:00:54,123
미캐츠,ko,509658,Just Chatting,2018-12-11 00:50:13,123
미캐츠,ko,509658,Just Chatting,2018-12-11 00:50:13,123
SAKURAsenpaiLIVE,en,509658,Just Chatting,2018-12-11 00:39:18,123
cyr,en,71375,Star Citizen,2018-12-10 23:02:16,123
MagicvdK,ar,493057,PLAYERUNKNOWN'S BATTLEGROUNDS,2018-12-10 22:36:50,123
JVChequer,pt,18122,World of Warcraft,2018-12-10 21:33:27,123
SirBerlinStyle,de,21779,League of Legends,2018-12-10 19:24:17,123
CONtv,en,499973,Always On,2018-12-10 10:51:33,123
jDantastic,en,504461,Super Smash Bros. Ultimate,2018-12-11 01:11:44,122
Slinned,en,27471,Minecraft,2018-12-10 22:49:28,122
oTioZero,pt,7022,The Forest,2018-12-10 22:31:44,122
thelast_shad0w,en,33214,Fortnite,2018-12-10 21:49:00,122
Kookai,de,493057,PLAYERUNKNOWN'S BATTLEGROUNDS,2018-12-10 20:31:33,122
Cogumelando,pt,488844,Devil May Cry 3: Special Edition,2018-12-10 20:18:07,122
delinquentMuse,en,493959,Red Dead Redemption 2,2018-12-10 17:36:20,122
CorBinHoOf,en,33214,Fortnite,2018-12-11 00:47:18,121
LuckyAceGaming,en,509658,Just Chatting,2018-12-10 23:54:36,121
Evosaintx,en,497057,Destiny 2,2018-12-10 16:02:06,121
DreamoceLL,en,29595,Dota 2,2018-12-11 01:07:14,120
kakaski666,en,33214,Fortnite,2018-12-11 01:01:37,120
KangGaming,en,504461,Super Smash Bros. Ultimate,2018-12-10 23:11:28,120
kakaski666,en,33214,Fortnite,2018-12-11 01:01:37,119
boostio_ow,en,488552,Overwatch,2018-12-11 00:48:43,119
SAKURAsenpaiLIVE,en,509658,Just Chatting,2018-12-11 00:39:18,119
청묘님,ko,386821,Black Desert Online,2018-12-11 00:08:52,119
Punzel,en,504462,Call of Duty: Black Ops 4,2018-12-10 21:50:00,119
Vulninho,de,506103,FIFA 19,2018-12-10 20:57:50,119
Huntler_,en,386821,Black Desert Online,2018-12-11 01:35:08,118
fatguyfuntime,en,493057,PLAYERUNKNOWN'S BATTLEGROUNDS,2018-12-11 00:33:00,118
지니어스매드,ko,490382,For Honor,2018-12-11 00:04:07,118
Grizz,en,493057,PLAYERUNKNOWN'S BATTLEGROUNDS,2018-12-10 23:37:36,118
Grizz,en,493057,PLAYERUNKNOWN'S BATTLEGROUNDS,2018-12-10 23:37:36,118
Spaceboy,en,71375,Star Citizen,2018-12-10 23:29:02,118
Soup,en,459931,Old School RuneScape,2018-12-10 23:22:16,118
BeauScaldaferri,pt,491487,Dead by Daylight,2018-12-10 22:37:26,118
ZeFeKa,fr,27546,World of Tanks,2018-12-10 21:25:57,118
DotaTV247,en,29595,Dota 2,2018-12-10 18:51:14,118
delinquentMuse,en,493959,Red Dead Redemption 2,2018-12-10 17:36:20,118
deadshot_tv22,en,33214,Fortnite,2018-12-11 01:50:47,117
TheJohnBurk,en,509658,Just Chatting,2018-12-11 01:39:51,117
shouman,en,509658,Just Chatting,2018-12-11 00:33:57,117
Evosaintx,en,497057,Destiny 2,2018-12-10 16:02:06,117
jDantastic,en,504461,Super Smash Bros. Ultimate,2018-12-11 01:11:44,116
ProTech,en,490422,StarCraft II,2018-12-11 00:34:57,116
ScionStorm,en,510056,Epic Seven,2018-12-11 00:19:05,116
Controltheboard,en,138585,Hearthstone,2018-12-11 00:17:46,116
MunchNPlay,en,506246,Fallout 76,2018-12-10 23:16:25,116
Nemos,it,491168,Clash Royale,2018-12-10 23:02:34,116
SirBerlinStyle,de,21779,League of Legends,2018-12-10 19:24:17,116
윤기,ko,490100,Lost Ark Online,2018-12-11 00:50:48,115
XboxMilGrau,pt,493057,PLAYERUNKNOWN'S BATTLEGROUNDS,2018-12-11 00:16:22,115
Grizz,en,493057,PLAYERUNKNOWN'S BATTLEGROUNDS,2018-12-10 23:37:36,115
Wallhacks,en,27546,World of Tanks,2018-12-10 23:32:49,115
Zrool,da,33214,Fortnite,2018-12-10 15:39:57,115
Valon22,en,33437,Resident Evil 6,2018-12-11 00:47:33,114
Mad_Ruski,en,33214,Fortnite,2018-12-11 00:26:59,114
RedneckARK,en,489635,ARK,2018-12-11 00:22:47,114
지니어스매드,ko,490382,For Honor,2018-12-11 00:04:07,114
brunablince,pt,32982,Grand Theft Auto V,2018-12-10 23:12:55,114
지니어스매드,ko,490382,For Honor,2018-12-11 00:04:07,114
brunablince,pt,32982,Grand Theft Auto V,2018-12-10 23:12:55,114
cyr,en,71375,Star Citizen,2018-12-10 23:02:16,114
SonyaTheEvil,en,29307,Path of Exile,2018-12-10 22:05:33,114
Atheenon,en,418016,The Long Dark,2018-12-10 23:26:21,113
Nemos,it,491168,Clash Royale,2018-12-10 23:02:34,113
Scarface_EGA,en,73914,Clash of Clans,2018-12-10 22:18:01,113
hiShorty,en,492546,Star Wars Battlefront II,2018-12-10 21:04:54,113
MissEllaCronin,en,506342,Hitman 2,2018-12-10 20:56:59,113
Simp,en,504462,Call of Duty: Black Ops 4,2018-12-11 02:00:57,112
chinegiveaways,zh,509658,Just Chatting,2018-12-11 02:00:12,112
vincerussolive,en,497571,Wrestling,2018-12-11 01:01:25,112
fatguyfuntime,en,493057,PLAYERUNKNOWN'S BATTLEGROUNDS,2018-12-11 00:33:00,112
Atheenon,en,418016,The Long Dark,2018-12-10 23:26:21,112
AbdulHD,en,509511,Marbles On Stream,2018-12-10 22:00:50,112
hiShorty,en,492546,Star Wars Battlefront II,2018-12-10 21:04:54,112
KazimirTV,de,19554,iRacing.com,2018-12-10 17:57:31,112
ALFA,tr,493815,Oxygen Not Included,2018-12-10 15:44:24,112
GodlyR6S,en,460630,Tom Clancy's Rainbow Six: Siege,2018-12-11 02:00:11,111
jDantastic,en,504461,Super Smash Bros. Ultimate,2018-12-11 01:11:44,111
BeauScaldaferri,pt,491487,Dead by Daylight,2018-12-10 22:37:26,111
KidKerrigan,en,32959,Heroes of the Storm,2018-12-10 22:22:26,111
MissEllaCronin,en,506342,Hitman 2,2018-12-10 20:56:59,111
CasinoRockstar,en,509576,Casino,2018-12-10 20:07:44,111
MattsTv,pt,19619,Tibia,2018-12-11 01:04:13,110
MeganLenius,en,26936,Music & Performing Arts,2018-12-11 01:02:13,110
vincerussolive,en,497571,Wrestling,2018-12-11 01:01:25,110
윤기,ko,490100,Lost Ark Online,2018-12-11 00:50:48,110
Ombrestep,ja,138585,Hearthstone,2018-12-11 00:22:59,110
Mycles,de,29307,Path of Exile,2018-12-10 23:56:10,110
Mycles,de,29307,Path of Exile,2018-12-10 23:56:10,110
Nemos,it,491168,Clash Royale,2018-12-10 23:02:34,110
DouBle_Up,el,21779,League of Legends,2018-12-10 22:47:39,110
수정갓,ko,18122,World of Warcraft,2018-12-10 20:50:31,110
VosNoEntendes,es,417752,Talk Shows & Podcasts,2018-12-11 01:51:15,109
cody_menz,en,27546,World of Tanks,2018-12-11 00:03:32,109
McConnellTV,en,67584,Europa Universalis IV,2018-12-10 22:39:53,109
Cheesewiz,en,504461,Super Smash Bros. Ultimate,2018-12-10 21:49:12,109
snowlit,en,509673,Makers & Crafting,2018-12-10 20:55:26,109
수정갓,ko,18122,World of Warcraft,2018-12-10 20:50:31,110
Hooperist,en,32982,Grand Theft Auto V,2018-12-10 19:25:14,110
VosNoEntendes,es,417752,Talk Shows & Podcasts,2018-12-11 01:51:15,109
Coastward,en,504461,Super Smash Bros. Ultimate,2018-12-11 01:27:41,109
cody_menz,en,27546,World of Tanks,2018-12-11 00:03:32,109
McConnellTV,en,67584,Europa Universalis IV,2018-12-10 22:39:53,109
Cheesewiz,en,504461,Super Smash Bros. Ultimate,2018-12-10 21:49:12,109
snowlit,en,509673,Makers & Crafting,2018-12-10 20:55:26,109
OWStylo,pt,488552,Overwatch,2018-12-11 00:55:07,108
KaraCorvus,en,509481,Twitch Sings,2018-12-11 00:48:09,108
Cheesewiz,en,504461,Super Smash Bros. Ultimate,2018-12-10 21:49:12,107
Dabuz,en,504461,Super Smash Bros. Ultimate,2018-12-10 21:21:20,107
rSleepy,en,504462,Call of Duty: Black Ops 4,2018-12-10 18:49:53,107
EngineeringEternity,en,29307,Path of Exile,2018-12-10 16:30:41,107
DoGamZ,en,509658,Just Chatting,2018-12-09 09:23:05,107
Zmadmonkey,en,21779,League of Legends,2018-12-11 01:25:51,106
Barbie_Bad_Buns,en,509658,Just Chatting,2018-12-11 01:09:24,106
MattsTv,pt,19619,Tibia,2018-12-11 01:04:13,106
MeganLenius,en,26936,Music & Performing Arts,2018-12-11 01:02:13,106
LuciaWeird,es,33214,Fortnite,2018-12-11 01:00:24,106
X9SHIROE,it,21779,League of Legends,2018-12-10 23:29:16,106
Mambo_B,en,504199,Battlefield V,2018-12-10 21:32:52,106
CasinoRockstar,en,509576,Casino,2018-12-10 20:07:44,106
FLaPiiX,fr,504462,Call of Duty: Black Ops 4,2018-12-10 20:00:13,106
Hooperist,en,32982,Grand Theft Auto V,2018-12-10 19:25:14,106
AuSLove,en,497334,Pokémon Ultra Sun/Ultra Moon,2018-12-10 12:52:30,106
MattsTv,pt,19619,Tibia,2018-12-11 01:04:13,105
BXRICH,en,493959,Red Dead Redemption 2,2018-12-11 00:48:12,105
SaveFile17,en,138585,Hearthstone,2018-12-11 00:25:21,105
NovaWar,en,506237,"Pokemon: Let's Go, Pikachu!/Eevee!",2018-12-11 00:16:15,105
BXRICH,en,493959,Red Dead Redemption 2,2018-12-11 00:48:12,105
SaveFile17,en,138585,Hearthstone,2018-12-11 00:25:21,105
NovaWar,en,506237,"Pokemon: Let's Go, Pikachu!/Eevee!",2018-12-11 00:16:15,105
Arcadum,en,509577,Dungeons & Dragons,2018-12-11 00:01:15,105
KalawalaBerry,en,31376,Terraria,2018-12-10 23:27:37,105
brunablince,pt,32982,Grand Theft Auto V,2018-12-10 23:12:55,105
Psyken,en,497385,Dragon Ball FighterZ,2018-12-10 20:44:02,105
DIaRD80000,fr,506103,FIFA 19,2018-12-10 16:16:38,105
Poko,fr,488552,Overwatch,2018-12-11 02:00:09,104
EngineeringEternity,en,29307,Path of Exile,2018-12-10 16:30:41,103
AuSLove,en,497334,Pokémon Ultra Sun/Ultra Moon,2018-12-10 12:52:30,103
DaisyASMR,en,509659,ASMR,2018-12-11 01:06:03,102
boostio_ow,en,488552,Overwatch,2018-12-11 00:48:43,102
dessyy,en,488552,Overwatch,2018-12-11 00:38:22,102
Geef,en,510590,Hades,2018-12-11 00:23:18,102
SDShepard,en,417838,Monster Hunter 4 Ultimate,2018-12-10 23:59:50,102
dominik88,ru,29595,Dota 2,2018-12-10 23:30:04,102
Mambo_B,en,504199,Battlefield V,2018-12-10 21:32:52,102
itokatv,pt,29595,Dota 2,2018-12-10 20:06:58,102
FLaPiiX,fr,504462,Call of Duty: Black Ops 4,2018-12-10 20:00:13,102
KingTemprie,en,33214,Fortnite,2018-12-11 01:11:10,101
dessyy,en,488552,Overwatch,2018-12-11 00:38:22,101
istakoski,tr,21779,League of Legends,2018-12-10 23:12:45,101
Psyken,en,497385,Dragon Ball FighterZ,2018-12-10 20:44:02,101
serafim_pt,pt,66170,Warframe,2018-12-10 20:05:49,101
DoGamZ,en,509658,Just Chatting,2018-12-09 09:23:05,101
Bwana,en,66170,Warframe,2018-12-11 01:08:59,100
Geef,en,510590,Hades,2018-12-11 00:23:18,100
X9SHIROE,it,21779,League of Legends,2018-12-10 23:29:16,100
kiwisimming,en,509658,Just Chatting,2018-12-10 22:55:58,100
giuhenne,pt,509658,Just Chatting,2018-12-10 21:16:24,100
뭐야이건_,ko,491487,Dead by Daylight,2018-12-10 15:46:40,100
sleightlymusical,en,509658,Just Chatting,2018-12-11 02:05:29,99
Khroen,en,32959,Heroes of the Storm,2018-12-11 01:08:11,99
xtheories215,en,506383,NBA 2K19,2018-12-10 23:53:59,99
ssbmginger,en,16282,Super Smash Bros. Melee,2018-12-10 23:50:59,99
MarekBlahaART,de,509660,Art,2018-12-10 22:08:48,99
Geoff,en,6855,Paper Mario: The Thousand-Year Door,2018-12-11 01:19:45,100
Khroen,en,32959,Heroes of the Storm,2018-12-11 01:08:11,100
X9SHIROE,it,21779,League of Legends,2018-12-10 23:29:16,100
th3pacifist,en,33214,Fortnite,2018-12-10 23:02:18,100
kamikazeocta,pt,491289,Infestation: The New Z,2018-12-10 19:32:15,100
KingTemprie,en,33214,Fortnite,2018-12-11 01:11:10,99
Kilo_Khaos,en,21779,League of Legends,2018-12-10 23:05:03,99
ArcticRain_tv,en,33214,Fortnite,2018-12-10 22:47:26,99
sam4soccer2,en,32507,Smite,2018-12-10 20:57:38,99
MrRatSuper,fr,493057,PLAYERUNKNOWN'S BATTLEGROUNDS,2018-12-10 19:35:27,99
Elamite,en,417969,Halo: The Master Chief Collection,2018-12-10 21:38:09,98
Mambo_B,en,504199,Battlefield V,2018-12-10 21:32:52,98
KarasMai,en,21779,League of Legends,2018-12-11 01:48:36,97
TylorTurner,en,504954,Ring Of Elysium,2018-12-11 01:24:03,97
Zulu,en,459931,Old School RuneScape,2018-12-10 22:21:52,97
MarekBlahaART,de,509660,Art,2018-12-10 22:08:48,97
Vvassago,tr,493057,PLAYERUNKNOWN'S BATTLEGROUNDS,2018-12-10 20:40:48,97
LeeAcer,en,488552,Overwatch,2018-12-10 20:40:41,97
yoyokeepitup,en,33214,Fortnite,2018-12-10 19:21:57,97
CasinoBuster,de,509576,Casino,2018-12-09 04:57:00,97
LeeAcer,en,488552,Overwatch,2018-12-10 20:40:41,97
yoyokeepitup,en,33214,Fortnite,2018-12-10 19:21:57,97
CasinoBuster,de,509576,Casino,2018-12-09 04:57:00,97
DeadFlip,en,509658,Just Chatting,2018-12-11 00:59:11,96
itsKatKam,en,504461,Super Smash Bros. Ultimate,2018-12-11 00:11:27,96
CalibreLordal,pt,27284,Retro,2018-12-10 23:07:28,96
RiceCup,en,459931,Old School RuneScape,2018-12-10 22:03:34,96
sam4soccer2,en,32507,Smite,2018-12-10 20:57:38,96
KazimirTV,de,19554,iRacing.com,2018-12-10 17:57:31,96
olyes,pt,33214,Fortnite,2018-12-11 02:02:38,95
Mi10s,pt,509658,Just Chatting,2018-12-10 22:23:44,95
MarekBlahaART,de,509660,Art,2018-12-10 22:08:48,95
Veritas,en,491931,Escape From Tarkov,2018-12-11 01:58:04,94
Geoff,en,6855,Paper Mario: The Thousand-Year Door,2018-12-11 01:19:45,94
Bwana,en,66170,Warframe,2018-12-11 01:08:59,94
JHartEllis,en,65654,The Elder Scrolls Online,2018-12-11 00:00:19,94
Catracho0012,es,33214,Fortnite,2018-12-10 23:47:48,94
Fleeur,pt,33214,Fortnite,2018-12-10 23:34:03,94
CalibreLordal,pt,27284,Retro,2018-12-10 23:07:28,94
FurtiveLIVE,en,33214,Fortnite,2018-12-10 22:30:12,94
CalibreLordal,pt,27284,Retro,2018-12-10 23:07:28,94
FurtiveLIVE,en,33214,Fortnite,2018-12-10 22:30:12,94
Lynxaria,en,29307,Path of Exile,2018-12-10 22:11:47,94
RiceCup,en,459931,Old School RuneScape,2018-12-10 22:03:34,94
Ahspect,en,504462,Call of Duty: Black Ops 4,2018-12-10 22:00:08,94
KitaiD,es,509658,Just Chatting,2018-12-10 21:21:03,94
itokatv,pt,29595,Dota 2,2018-12-10 20:06:58,94
DIaRD80000,fr,506103,FIFA 19,2018-12-10 16:16:38,94
dannyb21892,en,11557,The Legend of Zelda: Ocarina of Time,2018-12-11 00:10:01,93
WhiteoutIII,en,33214,Fortnite,2018-12-10 23:49:45,93
berserkci,tr,138585,Hearthstone,2018-12-10 20:58:42,93
sam4soccer2,en,32507,Smite,2018-12-10 20:57:38,93
CasinoBuster,de,509576,Casino,2018-12-09 04:57:00,93
BerriTV,it,504462,Call of Duty: Black Ops 4,2018-12-11 01:51:41,92
AlexRamiGaming,en,33214,Fortnite,2018-12-11 01:20:47,92
TheDooth,en,32982,Grand Theft Auto V,2018-12-11 00:50:11,92
itsKatKam,en,504461,Super Smash Bros. Ultimate,2018-12-11 00:11:27,92
mshoboslayer,en,494099,Kingdom Hearts HD I.5 + II.5 Remix,2018-12-11 00:01:43,92
LeafyTV,en,506316,NHL 19,2018-12-10 23:48:32,92
러끼,ko,509658,Just Chatting,2018-12-10 23:17:55,92
SpeedGaming2,en,9435,The Legend of Zelda: A Link to the Past,2018-12-11 01:44:14,91
DeeSimsYT,en,506458,Overcooked! 2,2018-12-11 01:22:56,91
KingDime,en,6715,Doom,2018-12-11 01:18:02,91
러끼,ko,509658,Just Chatting,2018-12-10 23:17:55,91
EEvisu,en,504461,Super Smash Bros. Ultimate,2018-12-10 22:28:00,91
RiceCup,en,459931,Old School RuneScape,2018-12-10 22:03:34,91
miss_slots90,ru,509576,Casino,2018-12-10 22:02:28,91
Ojota,es,33214,Fortnite,2018-12-11 01:41:08,90
gabiifps,pt,32399,Counter-Strike: Global Offensive,2018-12-11 01:31:03,90
justin_nick,en,509658,Just Chatting,2018-12-11 00:41:05,90
DeeMoney7,en,33214,Fortnite,2018-12-11 01:37:07,90
rexomaster,no,495819,X-Plane 11,2018-12-11 00:15:59,90
WhiteoutIII,en,33214,Fortnite,2018-12-10 23:49:45,90
EJipt,en,509672,Travel & Outdoors,2018-12-10 23:24:11,90
OmgImBlurry,en,491487,Dead by Daylight,2018-12-10 22:28:38,90
RiceCup,en,459931,Old School RuneScape,2018-12-10 22:03:34,90
itokatv,pt,29595,Dota 2,2018-12-10 20:06:58,90
olyes,pt,33214,Fortnite,2018-12-11 02:02:38,89
Cellutron,en,509658,Just Chatting,2018-12-11 01:50:47,89
merrykish,en,508752,The Jackbox Party Pack 5,2018-12-11 01:50:01,89
AlexRamiGaming,en,33214,Fortnite,2018-12-11 01:20:47,89
Sheikh17,en,497057,Destiny 2,2018-12-10 23:32:33,89
phc4,pt,24438,Mu Online,2018-12-10 23:24:27,89
러끼,ko,509658,Just Chatting,2018-12-10 23:17:55,89
Ashybears,en,33214,Fortnite,2018-12-10 22:34:16,89
FurtiveLIVE,en,33214,Fortnite,2018-12-10 22:30:12,89
Tatted,en,506413,Forza Horizon 4,2018-12-10 22:30:02,89
JogaiziTV,pt,21779,League of Legends,2018-12-10 21:22:22,89
ViviLatvia,ru,458353,Darkest Dungeon,2018-12-10 20:16:12,89
P0sitivityBot,en,509658,Just Chatting,2018-12-10 06:31:37,89
rSleepy,en,504462,Call of Duty: Black Ops 4,2018-12-10 18:49:53,89
P0sitivityBot,en,509658,Just Chatting,2018-12-10 06:31:37,89
DeeMoney7,en,33214,Fortnite,2018-12-11 01:37:07,88
Geoff,en,6855,Paper Mario: The Thousand-Year Door,2018-12-11 01:19:45,88
EEvisu,en,504461,Super Smash Bros. Ultimate,2018-12-10 22:28:00,88
Guzzylike,ru,497057,Destiny 2,2018-12-10 20:57:24,88
BustaJ,en,138585,Hearthstone,2018-12-10 20:50:32,88
DreamHackCS,en,32399,Counter-Strike: Global Offensive,2018-12-10 15:30:40,88
texastrihard,en,496253,Quake Champions,2018-12-09 15:03:06,88
deadshot_tv22,en,33214,Fortnite,2018-12-11 01:50:47,87
DrAquinas,ko,509658,Just Chatting,2018-12-11 00:13:02,87
Ashybears,en,33214,Fortnite,2018-12-10 22:34:16,87
sam4soccer2,en,32507,Smite,2018-12-10 20:57:38,87
Diogao,pt,33214,Fortnite,2018-12-10 19:22:05,87
yoyokeepitup,en,33214,Fortnite,2018-12-10 19:21:57,87
Kompostblume,de,491487,Dead by Daylight,2018-12-10 19:06:42,87
thi3n,en,29307,Path of Exile,2018-12-10 18:24:44,87
3GordosB,es,494099,Kingdom Hearts HD I.5 + II.5 Remix,2018-12-11 01:57:07,86
BerriTV,it,504462,Call of Duty: Black Ops 4,2018-12-11 01:51:41,86
Cellutron,en,509658,Just Chatting,2018-12-11 01:50:47,86
wusscake,en,5126,Resident Evil 3: Nemesis,2018-12-11 00:03:05,85
xicoolol,pt,21779,League of Legends,2018-12-11 00:02:17,85
LarryFishburger,en,33214,Fortnite,2018-12-11 00:01:00,85
GlitchGirlTw,es,509658,Just Chatting,2018-12-10 23:37:02,85
FurtiveLIVE,en,33214,Fortnite,2018-12-10 22:30:12,85
GermanGameChannel2014,de,493959,Red Dead Redemption 2,2018-12-10 21:51:09,85
Eatoos,tr,21779,League of Legends,2018-12-10 21:47:55,85
Dev1,sk,32399,Counter-Strike: Global Offensive,2018-12-10 18:24:50,85
co6a4kenTV,ru,16937,Artifact,2018-12-10 13:09:56,85
VernNotice,en,459382,Gears of War 4,2018-12-11 01:59:58,84
Laurcus,en,313558,Diablo III: Reaper of Souls,2018-12-11 00:20:10,84
MeganShipmanVA,en,506237,"Pokemon: Let's Go, Pikachu!/Eevee!",2018-12-11 00:02:49,84
TinBears,en,66170,Warframe,2018-12-10 21:16:06,84
TWiT,en,417752,Talk Shows & Podcasts,2018-12-10 19:18:44,84
Archimahbaybees,en,488634,Don't Starve Together,2018-12-10 17:56:22,84
ogspoony,en,460630,Tom Clancy's Rainbow Six: Siege,2018-12-11 01:43:53,83
Boxelder,en,505939,zombsroyale.io,2018-12-10 23:59:49,83
sushia,en,509658,Just Chatting,2018-12-10 23:43:52,83
러끼,ko,509658,Just Chatting,2018-12-10 23:17:55,83
KidKerrigan,en,32959,Heroes of the Storm,2018-12-10 22:22:26,83
KidKerrigan,en,32959,Heroes of the Storm,2018-12-10 22:22:26,83
StoneageRubble,en,493567,Throne of Lies: The Online Game of Deceit,2018-12-10 21:36:42,83
sam4soccer2,en,32507,Smite,2018-12-10 20:57:38,83
itokatv,pt,29595,Dota 2,2018-12-10 20:06:58,83
yoyokeepitup,en,33214,Fortnite,2018-12-10 19:21:57,83
QuestGodd,en,30921,Rocket League,2018-12-10 17:53:08,83
merrykish,en,508752,The Jackbox Party Pack 5,2018-12-11 01:50:01,82
iNSUPERABLEw3,en,12924,Warcraft III: The Frozen Throne,2018-12-11 01:49:30,82
drunkhorus,es,493959,Red Dead Redemption 2,2018-12-11 01:45:40,82
맥마_,ko,493057,PLAYERUNKNOWN'S BATTLEGROUNDS,2018-12-11 01:20:43,82
DrAquinas,ko,509658,Just Chatting,2018-12-11 00:13:02,84
Cabrito_Montes,pt,16937,Artifact,2018-12-11 00:10:14,84
Boxelder,en,505939,zombsroyale.io,2018-12-10 23:59:49,84
crazygoate,en,33214,Fortnite,2018-12-10 23:57:54,84
LooseBox,en,26936,Music & Performing Arts,2018-12-10 23:32:00,84
Nozadah,fr,20596,Dofus,2018-12-10 23:01:09,84
Ayakaschi,fr,504462,Call of Duty: Black Ops 4,2018-12-10 22:50:58,84
LavishGT,en,33214,Fortnite,2018-12-10 22:27:45,84
Starlet_Blossom,en,493959,Red Dead Redemption 2,2018-12-10 20:49:16,84
Kariang61,fr,26936,Music & Performing Arts,2018-12-10 19:09:42,84
DreadedCone,en,506237,"Pokemon: Let's Go, Pikachu!/Eevee!",2018-12-11 01:21:47,83
lKennyKent,es,459382,Gears of War 4,2018-12-11 00:45:02,83
itsTina,en,368205,The Legend of Zelda: The Wind Waker HD,2018-12-11 00:42:30,83
APlatypuss,en,504461,Super Smash Bros. Ultimate,2018-12-10 23:31:37,83
러끼,ko,509658,Just Chatting,2018-12-10 23:17:55,83
Parallax,en,33214,Fortnite,2018-12-10 23:02:26,83
RiceCup,en,459931,Old School RuneScape,2018-12-10 22:03:34,83
Guzzylike,ru,497057,Destiny 2,2018-12-10 20:57:24,83
TWiT,en,417752,Talk Shows & Podcasts,2018-12-10 19:18:44,83
Sallanman_Cat,es,509658,Just Chatting,2018-12-10 18:08:54,83
Sallanman_Cat,es,509658,Just Chatting,2018-12-10 18:08:54,83
Alkan,en,459931,Old School RuneScape,2018-12-11 01:59:54,82
iNSUPERABLEw3,en,12924,Warcraft III: The Frozen Throne,2018-12-11 01:49:30,82
SakuraTsubasa,en,9435,The Legend of Zelda: A Link to the Past,2018-12-11 01:29:06,82
FromThe70s,en,66170,Warframe,2018-12-11 00:50:50,82
Ekuegan,en,497057,Destiny 2,2018-12-11 00:46:01,82
itsTina,en,368205,The Legend of Zelda: The Wind Waker HD,2018-12-11 00:42:30,82
isayad,ar,33214,Fortnite,2018-12-10 22:10:17,82
Jordi,ru,509658,Just Chatting,2018-12-10 21:25:51,82
itokatv,pt,29595,Dota 2,2018-12-10 20:06:58,82
DreadedCone,en,506237,"Pokemon: Let's Go, Pikachu!/Eevee!",2018-12-11 01:21:47,81
FromThe70s,en,66170,Warframe,2018-12-11 00:50:50,81
홍달기,ko,509658,Just Chatting,2018-12-10 23:11:12,81
ArcticRain_tv,en,33214,Fortnite,2018-12-10 22:47:26,81
typeForced,en,489635,ARK,2018-12-10 22:23:45,81
Pr0phie,en,493057,PLAYERUNKNOWN'S BATTLEGROUNDS,2018-12-10 21:41:01,81
hoonmaru,en,488552,Overwatch,2018-12-10 21:13:34,81
sam4soccer2,en,32507,Smite,2018-12-10 20:57:38,81
luality,en,115977,The Witcher 3: Wild Hunt,2018-12-10 20:54:13,81
DreamHackHS,en,138585,Hearthstone,2018-12-10 01:45:04,81
maxifi,en,33214,Fortnite,2018-12-11 00:58:47,80
itsTina,en,368205,The Legend of Zelda: The Wind Waker HD,2018-12-11 00:42:30,80
Zapaterow,es,509658,Just Chatting,2018-12-10 23:49:07,80
JeikoState,es,504462,Call of Duty: Black Ops 4,2018-12-10 22:18:24,80
Eatoos,tr,21779,League of Legends,2018-12-10 21:47:55,80
Lady_Len,en,29307,Path of Exile,2018-12-10 20:58:03,80
Kariang61,fr,26936,Music & Performing Arts,2018-12-10 19:09:42,80
LatestXplorer,en,500545,HQ Trivia,2018-12-11 01:56:06,79
KyroShooter,en,493048,Fate/Grand Order,2018-12-11 01:29:42,79
chibirobo1,en,497057,Destiny 2,2018-12-11 01:22:44,79
KyroShooter,en,493048,Fate/Grand Order,2018-12-11 01:29:42,79
chibirobo1,en,497057,Destiny 2,2018-12-11 01:22:44,79
MauriSousa,pt,490292,Dark Souls III,2018-12-11 01:16:03,79
TheDeluxe4,en,493959,Red Dead Redemption 2,2018-12-11 00:43:55,79
WTFKeVtwitch,fr,417752,Talk Shows & Podcasts,2018-12-11 00:32:52,79
NapoleonBonaparteIV,en,743,Chess,2018-12-11 00:29:39,79
SneitShadow,es,386821,Black Desert Online,2018-12-10 23:39:03,79
Justt_That_Guyy,en,33214,Fortnite,2018-12-10 23:31:13,79
th3pacifist,en,33214,Fortnite,2018-12-10 23:02:18,79
CallMeRive,en,65632,DayZ,2018-12-10 23:00:28,79
UmbreonGG,es,21779,League of Legends,2018-12-11 00:41:03,78
sketchy_dentist,en,30028,The Elder Scrolls V: Skyrim,2018-12-11 00:02:14,78
JBigsHD,en,33214,Fortnite,2018-12-10 23:39:08,78
SneitShadow,es,386821,Black Desert Online,2018-12-10 23:39:03,78
DKane,en,509511,Marbles On Stream,2018-12-10 22:00:54,78
Pr0phie,en,493057,PLAYERUNKNOWN'S BATTLEGROUNDS,2018-12-10 21:41:01,78
StoneageRubble,en,493567,Throne of Lies: The Online Game of Deceit,2018-12-10 21:36:42,78
Very_Merri,en,24241,FINAL FANTASY XIV Online,2018-12-10 21:10:51,78
Smoottea,en,33214,Fortnite,2018-12-10 21:05:09,78
sam4soccer2,en,32507,Smite,2018-12-10 20:57:38,78
ByersXBL,en,33214,Fortnite,2018-12-11 02:02:47,77
JayYTGamer,en,504461,Super Smash Bros. Ultimate,2018-12-11 01:45:08,77
ITalkFortnite,en,33214,Fortnite,2018-12-11 01:44:11,77
DreadedCone,en,506237,"Pokemon: Let's Go, Pikachu!/Eevee!",2018-12-11 01:21:47,77
ItsTeamRyan,en,7022,The Forest,2018-12-11 00:16:06,77
Zapaterow,es,509658,Just Chatting,2018-12-10 23:49:07,77
Dazs,en,504199,Battlefield V,2018-12-10 23:45:36,77
undochase,en,33214,Fortnite,2018-12-10 23:39:03,77
CallMeRive,en,65632,DayZ,2018-12-10 23:00:28,77
JkatgamingTV,en,24241,FINAL FANTASY XIV Online,2018-12-10 22:46:46,77
JkatgamingTV,en,24241,FINAL FANTASY XIV Online,2018-12-10 22:46:46,77
Purrluna,en,32982,Grand Theft Auto V,2018-12-10 21:51:53,77
Found2BMissing,en,489635,ARK,2018-12-11 02:11:00,76
merrykish,en,508752,The Jackbox Party Pack 5,2018-12-11 01:50:01,76
German_intelligence,en,27546,World of Tanks,2018-12-10 22:11:09,76
IKS_Slon,ru,313553,XCOM: Enemy Within,2018-12-10 19:55:58,76
wikarina,fr,29307,Path of Exile,2018-12-10 19:20:30,76
Kyente,en,80607,Elite: Dangerous,2018-12-10 19:01:44,76
FroggedTV,fr,29595,Dota 2,2018-12-10 01:21:20,76
Smoottea,en,33214,Fortnite,2018-12-10 21:05:09,77
BlindiRL,en,490719,Parkitect,2018-12-10 19:59:03,77
Diogao,pt,33214,Fortnite,2018-12-10 19:22:05,77
Spofie,en,24241,FINAL FANTASY XIV Online,2018-12-11 02:13:30,76
Aila831,zh,29307,Path of Exile,2018-12-11 01:49:28,76
Drix,en,459382,Gears of War 4,2018-12-11 01:32:04,76
Metal_Kat,en,461067,Tekken 7,2018-12-11 01:21:54,76
BellaGoldwin,en,26936,Music & Performing Arts,2018-12-11 01:01:05,76
Laphin,en,499003,VRChat,2018-12-11 00:06:24,76
Dazs,en,504199,Battlefield V,2018-12-10 23:45:36,76
REDQU33N98,en,497057,Destiny 2,2018-12-10 23:16:59,76
Matislaw_,pl,21779,League of Legends,2018-12-10 23:06:18,76
CallMeRive,en,65632,DayZ,2018-12-10 23:00:28,76
wikarina,fr,29307,Path of Exile,2018-12-10 19:20:30,76
TenZedZombie,en,32399,Counter-Strike: Global Offensive,2018-12-11 02:00:14,75
finboye,en,493057,PLAYERUNKNOWN'S BATTLEGROUNDS,2018-12-11 01:47:30,75
DreadedCone,en,506237,"Pokemon: Let's Go, Pikachu!/Eevee!",2018-12-11 01:21:47,75
hotjukes,en,505884,PUBG MOBILE,2018-12-11 01:15:41,75
Yagamoth,en,4382,Final Fantasy V,2018-12-11 00:52:12,75
Nicko1117,en,33214,Fortnite,2018-12-11 00:51:13,75
Ekuegan,en,497057,Destiny 2,2018-12-11 00:46:01,75
RikStudios,pt,110758,The Legend of Zelda: Breath of the Wild,2018-12-11 00:14:50,75
SneitShadow,es,386821,Black Desert Online,2018-12-10 23:39:03,75
TapDatMouse,en,19357,Guild Wars 2,2018-12-10 23:17:55,75
maddeagledude,de,32399,Counter-Strike: Global Offensive,2018-12-10 21:59:45,75
cherk,en,33214,Fortnite,2018-12-10 19:31:08,75
JayYTGamer,en,504461,Super Smash Bros. Ultimate,2018-12-11 01:45:08,74
DanielKarioKa,pt,489111,Summoners War: Sky Arena,2018-12-11 01:20:38,74
TheDooth,en,32982,Grand Theft Auto V,2018-12-11 00:50:11,74
ZoomerRick,en,30921,Rocket League,2018-12-11 00:17:51,74
ZoomerRick,en,30921,Rocket League,2018-12-11 00:17:51,74
JHow4444,en,488552,Overwatch,2018-12-10 23:58:53,74
Snugzmeow,en,509658,Just Chatting,2018-12-10 23:46:15,74
andrewonyx,en,504462,Call of Duty: Black Ops 4,2018-12-10 23:22:26,74
PiranhaGames,en,509660,Art,2018-12-10 23:00:35,74
fuzion410,en,18122,World of Warcraft,2018-12-10 22:51:03,74
fshsuit,en,509511,Marbles On Stream,2018-12-10 22:50:03,74
EgoViking,en,497434,Total War: Warhammer II,2018-12-10 21:01:04,74
Jugalvi,es,489635,ARK,2018-12-10 20:49:40,74
tensu83,ja,271304,7 Days to Die,2018-12-10 15:42:16,74
GothixModel,en,510204,Thief Simulator,2018-12-11 01:10:22,71
Supreme,en,252,Golden Sun,2018-12-11 00:19:28,71
b00stedgorilla,en,115977,The Witcher 3: Wild Hunt,2018-12-11 00:01:22,71
SuperNova_o7,en,27546,World of Tanks,2018-12-10 23:47:42,71
Ruca777,en,386821,Black Desert Online,2018-12-10 23:26:25,71
Matislaw_,pl,21779,League of Legends,2018-12-10 23:06:18,71
CaptainCoach,en,21779,League of Legends,2018-12-10 23:01:45,71
AlbinoLiger,en,494099,Kingdom Hearts HD I.5 + II.5 Remix,2018-12-10 23:00:00,71
fuzion410,en,18122,World of Warcraft,2018-12-10 22:51:03,71
KingAdoni,en,33214,Fortnite,2018-12-10 21:50:49,71
Lady_Len,en,29307,Path of Exile,2018-12-10 20:58:03,71
Gorhock,fr,18122,World of Warcraft,2018-12-10 19:54:43,71
Kariang61,fr,26936,Music & Performing Arts,2018-12-10 19:09:42,71
HHaVVoKK,en,493057,PLAYERUNKNOWN'S BATTLEGROUNDS,2018-12-10 18:30:44,71
COSMOS,en,509670,Science & Technology,2018-12-10 18:00:05,71
PKMNcast,en,506237,"Pokemon: Let's Go, Pikachu!/Eevee!",2018-12-11 02:09:57,70
TenZedZombie,en,32399,Counter-Strike: Global Offensive,2018-12-11 02:00:14,70
Boscoreli,en,32982,Grand Theft Auto V,2018-12-11 01:38:14,70
